INTERVALSTARTTIME_GMT,INTERVALENDTIME_GMT,OPR_DT,OPR_HR,NODE_ID,LMP_TYPE,MW,GROUP
2022-08-29T07:00:00-00:00,2022-08-29T08:00:00-00:00,2022-08-29,1,AEC300_1_N001,LMP,93.50126,1
2022-08-29T08:00:00-00:00,2022-08-29T09:00:00-00:00,2022-08-29,2,AEC300_1_N001,LMP,88.63203,1
2022-08-29T09:00:00-00:00,2022-08-29T10:00:00-00:00,2022-08-29,3,AEC300_1_N001,LMP,86.45868,1
2022-08-29T10:00:00-00:00,2022-08-29T11:00:00-00:00,2022-08-29,4,AEC300_1_N001,LMP,85.04702,1
2022-08-29T11:00:00-00:00,2022-08-29T12:00:00-00:00,2022-08-29,5,AEC300_1_N001,LMP,86.4173,1
2022-08-29T12:00:00-00:00,2022-08-29T13:00:00-00:00,2022-08-29,6,AEC300_1_N001,LMP,90.30271,1
2022-08-29T13:00:00-00:00,2022-08-29T14:00:00-00:00,2022-08-29,7,AEC300_1_N001,LMP,108.68379,1
2022-08-29T14:00:00-00:00,2022-08-29T15:00:00-00:00,2022-08-29,8,AEC300_1_N001,LMP,87.80938,1
2022-08-29T15:00:00-00:00,2022-08-29T16:00:00-00:00,2022-08-29,9,AEC300_1_N001,LMP,75.92904,1
2022-08-29T16:00:00-00:00,2022-08-29T17:00:00-00:00,2022-08-29,10,AEC300_1_N001,LMP,70.37307,1
2022-08-29T17:00:00-00:00,2022-08-29T18:00:00-00:00,2022-08-29,11,AEC300_1_N001,LMP,69.47183,1
2022-08-29T18:00:00-00:00,2022-08-29T19:00:00-00:00,2022-08-29,12,AEC300_1_N001,LMP,73.02245,1
2022-08-29T19:00:00-00:00,2022-08-29T20:00:00-00:00,2022-08-29,13,AEC300_1_N001,LMP,82.53797,1
2022-08-29T20:00:00-00:00,2022-08-29T21:00:00-00:00,2022-08-29,14,AEC300_1_N001,LMP,86.11102,1
2022-08-29T21:00:00-00:00,2022-08-29T22:00:00-00:00,2022-08-29,15,AEC300_1_N001,LMP,90.10932,1
2022-08-29T22:00:00-00:00,2022-08-29T23:00:00-00:00,2022-08-29,16,AEC300_1_N001,LMP,95.56255,1
2022-08-29T23:00:00-00:00,2022-08-30T00:00:00-00:00,2022-08-29,17,AEC300_1_N001,LMP,95.00989,1
2022-08-30T00:00:00-00:00,2022-08-30T01:00:00-00:00,2022-08-29,18,AEC300_1_N001,LMP,117.51348,1
2022-08-30T01:00:00-00:00,2022-08-30T02:00:00-00:00,2022-08-29,19,AEC300_1_N001,LMP,154.41943,1
2022-08-30T02:00:00-00:00,2022-08-30T03:00:00-00:00,2022-08-29,20,AEC300_1_N001,LMP,166.07343,1
2022-08-30T03:00:00-00:00,2022-08-30T04:00:00-00:00,2022-08-29,21,AEC300_1_N001,LMP,129.92087,1
2022-08-30T04:00:00-00:00,2022-08-30T05:00:00-00:00,2022-08-29,22,AEC300_1_N001,LMP,117.82516,1
2022-08-30T05:00:00-00:00,2022-08-30T06:00:00-00:00,2022-08-29,23,AEC300_1_N001,LMP,97.54471,1
2022-08-30T06:00:00-00:00,2022-08-30T07:00:00-00:00,2022-08-29,24,AEC300_1_N001,LMP,98.79636,1
2022-08-30T07:00:00-00:00,2022-08-30T08:00:00-00:00,2022-08-30,1,AEC300_1_N001,LMP,109.74174,6
2022-08-30T08:00:00-00:00,2022-08-30T09:00:00-00:00,2022-08-30,2,AEC300_1_N001,LMP,94.62182,6
2022-08-30T09:00:00-00:00,2022-08-30T10:00:00-00:00,2022-08-30,3,AEC300_1_N001,LMP,92.36177,6
2022-08-30T10:00:00-00:00,2022-08-30T11:00:00-00:00,2022-08-30,4,AEC300_1_N001,LMP,91.87931,6
2022-08-30T11:00:00-00:00,2022-08-30T12:00:00-00:00,2022-08-30,5,AEC300_1_N001,LMP,92.65143,6
2022-08-30T12:00:00-00:00,2022-08-30T13:00:00-00:00,2022-08-30,6,AEC300_1_N001,LMP,102.24133,6
2022-08-30T13:00:00-00:00,2022-08-30T14:00:00-00:00,2022-08-30,7,AEC300_1_N001,LMP,126.55397,6
2022-08-30T14:00:00-00:00,2022-08-30T15:00:00-00:00,2022-08-30,8,AEC300_1_N001,LMP,101.92153,6
2022-08-30T15:00:00-00:00,2022-08-30T16:00:00-00:00,2022-08-30,9,AEC300_1_N001,LMP,84.14262,6
2022-08-30T16:00:00-00:00,2022-08-30T17:00:00-00:00,2022-08-30,10,AEC300_1_N001,LMP,80.89358,6
2022-08-30T17:00:00-00:00,2022-08-30T18:00:00-00:00,2022-08-30,11,AEC300_1_N001,LMP,81.78764,6
2022-08-30T18:00:00-00:00,2022-08-30T19:00:00-00:00,2022-08-30,12,AEC300_1_N001,LMP,85.40419,6
2022-08-30T19:00:00-00:00,2022-08-30T20:00:00-00:00,2022-08-30,13,AEC300_1_N001,LMP,98.3712,6
2022-08-30T20:00:00-00:00,2022-08-30T21:00:00-00:00,2022-08-30,14,AEC300_1_N001,LMP,110.16536,6
2022-08-30T21:00:00-00:00,2022-08-30T22:00:00-00:00,2022-08-30,15,AEC300_1_N001,LMP,119.45167,6
2022-08-30T22:00:00-00:00,2022-08-30T23:00:00-00:00,2022-08-30,16,AEC300_1_N001,LMP,125.29728,6
2022-08-30T23:00:00-00:00,2022-08-31T00:00:00-00:00,2022-08-30,17,AEC300_1_N001,LMP,136.82384,6
2022-08-31T00:00:00-00:00,2022-08-31T01:00:00-00:00,2022-08-30,18,AEC300_1_N001,LMP,147.17662,6
2022-08-31T01:00:00-00:00,2022-08-31T02:00:00-00:00,2022-08-30,19,AEC300_1_N001,LMP,235.1101,6
2022-08-31T02:00:00-00:00,2022-08-31T03:00:00-00:00,2022-08-30,20,AEC300_1_N001,LMP,252.32722,6
2022-08-31T03:00:00-00:00,2022-08-31T04:00:00-00:00,2022-08-30,21,AEC300_1_N001,LMP,184.02814,6
2022-08-31T04:00:00-00:00,2022-08-31T05:00:00-00:00,2022-08-30,22,AEC300_1_N001,LMP,151.04129,6
2022-08-31T05:00:00-00:00,2022-08-31T06:00:00-00:00,2022-08-30,23,AEC300_1_N001,LMP,123.65,6
2022-08-31T06:00:00-00:00,2022-08-31T07:00:00-00:00,2022-08-30,24,AEC300_1_N001,LMP,114.0,6
2022-08-31T07:00:00-00:00,2022-08-31T08:00:00-00:00,2022-08-31,1,AEC300_1_N001,LMP,110.79989,11
2022-08-31T08:00:00-00:00,2022-08-31T09:00:00-00:00,2022-08-31,2,AEC300_1_N001,LMP,101.61165,11
2022-08-31T09:00:00-00:00,2022-08-31T10:00:00-00:00,2022-08-31,3,AEC300_1_N001,LMP,101.66054,11
2022-08-31T10:00:00-00:00,2022-08-31T11:00:00-00:00,2022-08-31,4,AEC300_1_N001,LMP,97.92019,11
2022-08-31T11:00:00-00:00,2022-08-31T12:00:00-00:00,2022-08-31,5,AEC300_1_N001,LMP,98.30806,11
2022-08-31T12:00:00-00:00,2022-08-31T13:00:00-00:00,2022-08-31,6,AEC300_1_N001,LMP,106.12454,11
2022-08-31T13:00:00-00:00,2022-08-31T14:00:00-00:00,2022-08-31,7,AEC300_1_N001,LMP,139.76306,11
2022-08-31T14:00:00-00:00,2022-08-31T15:00:00-00:00,2022-08-31,8,AEC300_1_N001,LMP,106.17378,11
2022-08-31T15:00:00-00:00,2022-08-31T16:00:00-00:00,2022-08-31,9,AEC300_1_N001,LMP,87.71077,11
2022-08-31T16:00:00-00:00,2022-08-31T17:00:00-00:00,2022-08-31,10,AEC300_1_N001,LMP,86.86482,11
2022-08-31T17:00:00-00:00,2022-08-31T18:00:00-00:00,2022-08-31,11,AEC300_1_N001,LMP,90.02426,11
2022-08-31T18:00:00-00:00,2022-08-31T19:00:00-00:00,2022-08-31,12,AEC300_1_N001,LMP,97.81807,11
2022-08-31T19:00:00-00:00,2022-08-31T20:00:00-00:00,2022-08-31,13,AEC300_1_N001,LMP,115.48428,11
2022-08-31T20:00:00-00:00,2022-08-31T21:00:00-00:00,2022-08-31,14,AEC300_1_N001,LMP,128.75706,11
2022-08-31T21:00:00-00:00,2022-08-31T22:00:00-00:00,2022-08-31,15,AEC300_1_N001,LMP,128.84364,11
2022-08-31T22:00:00-00:00,2022-08-31T23:00:00-00:00,2022-08-31,16,AEC300_1_N001,LMP,138.72797,11
2022-08-31T23:00:00-00:00,2022-09-01T00:00:00-00:00,2022-08-31,17,AEC300_1_N001,LMP,144.68225,11
2022-09-01T00:00:00-00:00,2022-09-01T01:00:00-00:00,2022-08-31,18,AEC300_1_N001,LMP,169.81621,11
2022-09-01T01:00:00-00:00,2022-09-01T02:00:00-00:00,2022-08-31,19,AEC300_1_N001,LMP,297.43185,11
2022-09-01T02:00:00-00:00,2022-09-01T03:00:00-00:00,2022-08-31,20,AEC300_1_N001,LMP,294.335,11
2022-09-01T03:00:00-00:00,2022-09-01T04:00:00-00:00,2022-08-31,21,AEC300_1_N001,LMP,198.41147,11
2022-09-01T04:00:00-00:00,2022-09-01T05:00:00-00:00,2022-08-31,22,AEC300_1_N001,LMP,163.71407,11
2022-09-01T05:00:00-00:00,2022-09-01T06:00:00-00:00,2022-08-31,23,AEC300_1_N001,LMP,124.93713,11
2022-09-01T06:00:00-00:00,2022-09-01T07:00:00-00:00,2022-08-31,24,AEC300_1_N001,LMP,113.4674,11
2022-09-01T07:00:00-00:00,2022-09-01T08:00:00-00:00,2022-09-01,1,AEC300_1_N001,LMP,141.28067,16
2022-09-01T08:00:00-00:00,2022-09-01T09:00:00-00:00,2022-09-01,2,AEC300_1_N001,LMP,127.16504,16
2022-09-01T09:00:00-00:00,2022-09-01T10:00:00-00:00,2022-09-01,3,AEC300_1_N001,LMP,122.40064,16
2022-09-01T10:00:00-00:00,2022-09-01T11:00:00-00:00,2022-09-01,4,AEC300_1_N001,LMP,120.887,16
2022-09-01T11:00:00-00:00,2022-09-01T12:00:00-00:00,2022-09-01,5,AEC300_1_N001,LMP,121.34701,16
2022-09-01T12:00:00-00:00,2022-09-01T13:00:00-00:00,2022-09-01,6,AEC300_1_N001,LMP,121.38986,16
2022-09-01T13:00:00-00:00,2022-09-01T14:00:00-00:00,2022-09-01,7,AEC300_1_N001,LMP,146.92831,16
2022-09-01T14:00:00-00:00,2022-09-01T15:00:00-00:00,2022-09-01,8,AEC300_1_N001,LMP,126.55421,16
2022-09-01T15:00:00-00:00,2022-09-01T16:00:00-00:00,2022-09-01,9,AEC300_1_N001,LMP,102.63937,16
2022-09-01T16:00:00-00:00,2022-09-01T17:00:00-00:00,2022-09-01,10,AEC300_1_N001,LMP,104.37448,16
2022-09-01T17:00:00-00:00,2022-09-01T18:00:00-00:00,2022-09-01,11,AEC300_1_N001,LMP,112.76978,16
2022-09-01T18:00:00-00:00,2022-09-01T19:00:00-00:00,2022-09-01,12,AEC300_1_N001,LMP,128.64381,16
2022-09-01T19:00:00-00:00,2022-09-01T20:00:00-00:00,2022-09-01,13,AEC300_1_N001,LMP,132.71887,16
2022-09-01T20:00:00-00:00,2022-09-01T21:00:00-00:00,2022-09-01,14,AEC300_1_N001,LMP,148.23022,16
2022-09-01T21:00:00-00:00,2022-09-01T22:00:00-00:00,2022-09-01,15,AEC300_1_N001,LMP,175.19298,16
2022-09-01T22:00:00-00:00,2022-09-01T23:00:00-00:00,2022-09-01,16,AEC300_1_N001,LMP,217.57504,16
2022-09-01T23:00:00-00:00,2022-09-02T00:00:00-00:00,2022-09-01,17,AEC300_1_N001,LMP,272.4277,16
2022-09-02T00:00:00-00:00,2022-09-02T01:00:00-00:00,2022-09-01,18,AEC300_1_N001,LMP,372.11035,16
2022-09-02T01:00:00-00:00,2022-09-02T02:00:00-00:00,2022-09-01,19,AEC300_1_N001,LMP,790.57916,16
2022-09-02T02:00:00-00:00,2022-09-02T03:00:00-00:00,2022-09-01,20,AEC300_1_N001,LMP,796.81744,16
2022-09-02T03:00:00-00:00,2022-09-02T04:00:00-00:00,2022-09-01,21,AEC300_1_N001,LMP,421.43973,16
2022-09-02T04:00:00-00:00,2022-09-02T05:00:00-00:00,2022-09-01,22,AEC300_1_N001,LMP,200.25623,16
2022-09-02T05:00:00-00:00,2022-09-02T06:00:00-00:00,2022-09-01,23,AEC300_1_N001,LMP,161.05675,16
2022-09-02T06:00:00-00:00,2022-09-02T07:00:00-00:00,2022-09-01,24,AEC300_1_N001,LMP,140.07455,16
2022-09-02T07:00:00-00:00,2022-09-02T08:00:00-00:00,2022-09-02,1,AEC300_1_N001,LMP,127.62399,21
2022-09-02T08:00:00-00:00,2022-09-02T09:00:00-00:00,2022-09-02,2,AEC300_1_N001,LMP,124.303,21
2022-09-02T09:00:00-00:00,2022-09-02T10:00:00-00:00,2022-09-02,3,AEC300_1_N001,LMP,115.34467,21
2022-09-02T10:00:00-00:00,2022-09-02T11:00:00-00:00,2022-09-02,4,AEC300_1_N001,LMP,109.67906,21
2022-09-02T11:00:00-00:00,2022-09-02T12:00:00-00:00,2022-09-02,5,AEC300_1_N001,LMP,110.13827,21
2022-09-02T12:00:00-00:00,2022-09-02T13:00:00-00:00,2022-09-02,6,AEC300_1_N001,LMP,115.94933,21
2022-09-02T13:00:00-00:00,2022-09-02T14:00:00-00:00,2022-09-02,7,AEC300_1_N001,LMP,136.00777,21
2022-09-02T14:00:00-00:00,2022-09-02T15:00:00-00:00,2022-09-02,8,AEC300_1_N001,LMP,115.85215,21
2022-09-02T15:00:00-00:00,2022-09-02T16:00:00-00:00,2022-09-02,9,AEC300_1_N001,LMP,95.89096,21
2022-09-02T16:00:00-00:00,2022-09-02T17:00:00-00:00,2022-09-02,10,AEC300_1_N001,LMP,97.20521,21
2022-09-02T17:00:00-00:00,2022-09-02T18:00:00-00:00,2022-09-02,11,AEC300_1_N001,LMP,105.78607,21
2022-09-02T18:00:00-00:00,2022-09-02T19:00:00-00:00,2022-09-02,12,AEC300_1_N001,LMP,126.30625,21
2022-09-02T19:00:00-00:00,2022-09-02T20:00:00-00:00,2022-09-02,13,AEC300_1_N001,LMP,130.2085,21
2022-09-02T20:00:00-00:00,2022-09-02T21:00:00-00:00,2022-09-02,14,AEC300_1_N001,LMP,146.50426,21
2022-09-02T21:00:00-00:00,2022-09-02T22:00:00-00:00,2022-09-02,15,AEC300_1_N001,LMP,153.34105,21
2022-09-02T22:00:00-00:00,2022-09-02T23:00:00-00:00,2022-09-02,16,AEC300_1_N001,LMP,183.1537,21
2022-09-02T23:00:00-00:00,2022-09-03T00:00:00-00:00,2022-09-02,17,AEC300_1_N001,LMP,202.20692,21
2022-09-03T00:00:00-00:00,2022-09-03T01:00:00-00:00,2022-09-02,18,AEC300_1_N001,LMP,263.1405,21
2022-09-03T01:00:00-00:00,2022-09-03T02:00:00-00:00,2022-09-02,19,AEC300_1_N001,LMP,485.61575,21
2022-09-03T02:00:00-00:00,2022-09-03T03:00:00-00:00,2022-09-02,20,AEC300_1_N001,LMP,468.5344,21
2022-09-03T03:00:00-00:00,2022-09-03T04:00:00-00:00,2022-09-02,21,AEC300_1_N001,LMP,254.6022,21
2022-09-03T04:00:00-00:00,2022-09-03T05:00:00-00:00,2022-09-02,22,AEC300_1_N001,LMP,185.19766,21
2022-09-03T05:00:00-00:00,2022-09-03T06:00:00-00:00,2022-09-02,23,AEC300_1_N001,LMP,151.18088,21
2022-09-03T06:00:00-00:00,2022-09-03T07:00:00-00:00,2022-09-02,24,AEC300_1_N001,LMP,137.28488,21
2022-09-03T07:00:00-00:00,2022-09-03T08:00:00-00:00,2022-09-03,1,AEC300_1_N001,LMP,107.65444,26
2022-09-03T08:00:00-00:00,2022-09-03T09:00:00-00:00,2022-09-03,2,AEC300_1_N001,LMP,102.98286,26
2022-09-03T09:00:00-00:00,2022-09-03T10:00:00-00:00,2022-09-03,3,AEC300_1_N001,LMP,98.88923,26
2022-09-03T10:00:00-00:00,2022-09-03T11:00:00-00:00,2022-09-03,4,AEC300_1_N001,LMP,98.39118,26
2022-09-03T11:00:00-00:00,2022-09-03T12:00:00-00:00,2022-09-03,5,AEC300_1_N001,LMP,95.08474,26
2022-09-03T12:00:00-00:00,2022-09-03T13:00:00-00:00,2022-09-03,6,AEC300_1_N001,LMP,99.27117,26
2022-09-03T13:00:00-00:00,2022-09-03T14:00:00-00:00,2022-09-03,7,AEC300_1_N001,LMP,94.4787,26
2022-09-03T14:00:00-00:00,2022-09-03T15:00:00-00:00,2022-09-03,8,AEC300_1_N001,LMP,78.15066,26
2022-09-03T15:00:00-00:00,2022-09-03T16:00:00-00:00,2022-09-03,9,AEC300_1_N001,LMP,65.62001,26
2022-09-03T16:00:00-00:00,2022-09-03T17:00:00-00:00,2022-09-03,10,AEC300_1_N001,LMP,68.96255,26
2022-09-03T17:00:00-00:00,2022-09-03T18:00:00-00:00,2022-09-03,11,AEC300_1_N001,LMP,76.55182,26
2022-09-03T18:00:00-00:00,2022-09-03T19:00:00-00:00,2022-09-03,12,AEC300_1_N001,LMP,84.48453,26
2022-09-03T19:00:00-00:00,2022-09-03T20:00:00-00:00,2022-09-03,13,AEC300_1_N001,LMP,96.79678,26
2022-09-03T20:00:00-00:00,2022-09-03T21:00:00-00:00,2022-09-03,14,AEC300_1_N001,LMP,103.93953,26
2022-09-03T21:00:00-00:00,2022-09-03T22:00:00-00:00,2022-09-03,15,AEC300_1_N001,LMP,109.10897,26
2022-09-03T22:00:00-00:00,2022-09-03T23:00:00-00:00,2022-09-03,16,AEC300_1_N001,LMP,115.48439,26
2022-09-03T23:00:00-00:00,2022-09-04T00:00:00-00:00,2022-09-03,17,AEC300_1_N001,LMP,135.6568,26
2022-09-04T00:00:00-00:00,2022-09-04T01:00:00-00:00,2022-09-03,18,AEC300_1_N001,LMP,168.70393,26
2022-09-04T01:00:00-00:00,2022-09-04T02:00:00-00:00,2022-09-03,19,AEC300_1_N001,LMP,308.58212,26
2022-09-04T02:00:00-00:00,2022-09-04T03:00:00-00:00,2022-09-03,20,AEC300_1_N001,LMP,356.79807,26
2022-09-04T03:00:00-00:00,2022-09-04T04:00:00-00:00,2022-09-03,21,AEC300_1_N001,LMP,200.15309,26
2022-09-04T04:00:00-00:00,2022-09-04T05:00:00-00:00,2022-09-03,22,AEC300_1_N001,LMP,166.57213,26
2022-09-04T05:00:00-00:00,2022-09-04T06:00:00-00:00,2022-09-03,23,AEC300_1_N001,LMP,142.75412,26
2022-09-04T06:00:00-00:00,2022-09-04T07:00:00-00:00,2022-09-03,24,AEC300_1_N001,LMP,129.3779,26
2022-09-04T07:00:00-00:00,2022-09-04T08:00:00-00:00,2022-09-04,1,AEC300_1_N001,LMP,116.94685,31
2022-09-04T08:00:00-00:00,2022-09-04T09:00:00-00:00,2022-09-04,2,AEC300_1_N001,LMP,112.55657,31
2022-09-04T09:00:00-00:00,2022-09-04T10:00:00-00:00,2022-09-04,3,AEC300_1_N001,LMP,105.22471,31
2022-09-04T10:00:00-00:00,2022-09-04T11:00:00-00:00,2022-09-04,4,AEC300_1_N001,LMP,101.38357,31
2022-09-04T11:00:00-00:00,2022-09-04T12:00:00-00:00,2022-09-04,5,AEC300_1_N001,LMP,99.01374,31
2022-09-04T12:00:00-00:00,2022-09-04T13:00:00-00:00,2022-09-04,6,AEC300_1_N001,LMP,99.50613,31
2022-09-04T13:00:00-00:00,2022-09-04T14:00:00-00:00,2022-09-04,7,AEC300_1_N001,LMP,93.23054,31
2022-09-04T14:00:00-00:00,2022-09-04T15:00:00-00:00,2022-09-04,8,AEC300_1_N001,LMP,83.58553,31
2022-09-04T15:00:00-00:00,2022-09-04T16:00:00-00:00,2022-09-04,9,AEC300_1_N001,LMP,62.04286,31
2022-09-04T16:00:00-00:00,2022-09-04T17:00:00-00:00,2022-09-04,10,AEC300_1_N001,LMP,63.99905,31
2022-09-04T17:00:00-00:00,2022-09-04T18:00:00-00:00,2022-09-04,11,AEC300_1_N001,LMP,77.39915,31
2022-09-04T18:00:00-00:00,2022-09-04T19:00:00-00:00,2022-09-04,12,AEC300_1_N001,LMP,78.9533,31
2022-09-04T19:00:00-00:00,2022-09-04T20:00:00-00:00,2022-09-04,13,AEC300_1_N001,LMP,85.04481,31
2022-09-04T20:00:00-00:00,2022-09-04T21:00:00-00:00,2022-09-04,14,AEC300_1_N001,LMP,98.48902,31
2022-09-04T21:00:00-00:00,2022-09-04T22:00:00-00:00,2022-09-04,15,AEC300_1_N001,LMP,109.26607,31
2022-09-04T22:00:00-00:00,2022-09-04T23:00:00-00:00,2022-09-04,16,AEC300_1_N001,LMP,120.43192,31
2022-09-04T23:00:00-00:00,2022-09-05T00:00:00-00:00,2022-09-04,17,AEC300_1_N001,LMP,143.47623,31
2022-09-05T00:00:00-00:00,2022-09-05T01:00:00-00:00,2022-09-04,18,AEC300_1_N001,LMP,168.17715,31
2022-09-05T01:00:00-00:00,2022-09-05T02:00:00-00:00,2022-09-04,19,AEC300_1_N001,LMP,364.549,31
2022-09-05T02:00:00-00:00,2022-09-05T03:00:00-00:00,2022-09-04,20,AEC300_1_N001,LMP,425.30014,31
2022-09-05T03:00:00-00:00,2022-09-05T04:00:00-00:00,2022-09-04,21,AEC300_1_N001,LMP,224.68082,31
2022-09-05T04:00:00-00:00,2022-09-05T05:00:00-00:00,2022-09-04,22,AEC300_1_N001,LMP,156.96873,31
2022-09-05T05:00:00-00:00,2022-09-05T06:00:00-00:00,2022-09-04,23,AEC300_1_N001,LMP,139.68063,31
2022-09-05T06:00:00-00:00,2022-09-05T07:00:00-00:00,2022-09-04,24,AEC300_1_N001,LMP,132.199,31
2022-09-05T07:00:00-00:00,2022-09-05T08:00:00-00:00,2022-09-05,1,AEC300_1_N001,LMP,120.76507,36
2022-09-05T08:00:00-00:00,2022-09-05T09:00:00-00:00,2022-09-05,2,AEC300_1_N001,LMP,102.87943,36
2022-09-05T09:00:00-00:00,2022-09-05T10:00:00-00:00,2022-09-05,3,AEC300_1_N001,LMP,101.99615,36
2022-09-05T10:00:00-00:00,2022-09-05T11:00:00-00:00,2022-09-05,4,AEC300_1_N001,LMP,101.96079,36
2022-09-05T11:00:00-00:00,2022-09-05T12:00:00-00:00,2022-09-05,5,AEC300_1_N001,LMP,99.9052,36
2022-09-05T12:00:00-00:00,2022-09-05T13:00:00-00:00,2022-09-05,6,AEC300_1_N001,LMP,99.72188,36
2022-09-05T13:00:00-00:00,2022-09-05T14:00:00-00:00,2022-09-05,7,AEC300_1_N001,LMP,94.5291,36
2022-09-05T14:00:00-00:00,2022-09-05T15:00:00-00:00,2022-09-05,8,AEC300_1_N001,LMP,90.51565,36
2022-09-05T15:00:00-00:00,2022-09-05T16:00:00-00:00,2022-09-05,9,AEC300_1_N001,LMP,70.05134,36
2022-09-05T16:00:00-00:00,2022-09-05T17:00:00-00:00,2022-09-05,10,AEC300_1_N001,LMP,72.87702,36
2022-09-05T17:00:00-00:00,2022-09-05T18:00:00-00:00,2022-09-05,11,AEC300_1_N001,LMP,89.5595,36
2022-09-05T18:00:00-00:00,2022-09-05T19:00:00-00:00,2022-09-05,12,AEC300_1_N001,LMP,91.14557,36
2022-09-05T19:00:00-00:00,2022-09-05T20:00:00-00:00,2022-09-05,13,AEC300_1_N001,LMP,104.21453,36
2022-09-05T20:00:00-00:00,2022-09-05T21:00:00-00:00,2022-09-05,14,AEC300_1_N001,LMP,113.9006,36
2022-09-05T21:00:00-00:00,2022-09-05T22:00:00-00:00,2022-09-05,15,AEC300_1_N001,LMP,127.56461,36
2022-09-05T22:00:00-00:00,2022-09-05T23:00:00-00:00,2022-09-05,16,AEC300_1_N001,LMP,161.05064,36
2022-09-05T23:00:00-00:00,2022-09-06T00:00:00-00:00,2022-09-05,17,AEC300_1_N001,LMP,198.94678,36
2022-09-06T00:00:00-00:00,2022-09-06T01:00:00-00:00,2022-09-05,18,AEC300_1_N001,LMP,364.38846,36
2022-09-06T01:00:00-00:00,2022-09-06T02:00:00-00:00,2022-09-05,19,AEC300_1_N001,LMP,824.2805,36
2022-09-06T02:00:00-00:00,2022-09-06T03:00:00-00:00,2022-09-05,20,AEC300_1_N001,LMP,825.9819,36
2022-09-06T03:00:00-00:00,2022-09-06T04:00:00-00:00,2022-09-05,21,AEC300_1_N001,LMP,347.74252,36
2022-09-06T04:00:00-00:00,2022-09-06T05:00:00-00:00,2022-09-05,22,AEC300_1_N001,LMP,189.4225,36
2022-09-06T05:00:00-00:00,2022-09-06T06:00:00-00:00,2022-09-05,23,AEC300_1_N001,LMP,157.22893,36
2022-09-06T06:00:00-00:00,2022-09-06T07:00:00-00:00,2022-09-05,24,AEC300_1_N001,LMP,141.47789,36
2022-09-06T07:00:00-00:00,2022-09-06T08:00:00-00:00,2022-09-06,1,AEC300_1_N001,LMP,134.4214,41
2022-09-06T08:00:00-00:00,2022-09-06T09:00:00-00:00,2022-09-06,2,AEC300_1_N001,LMP,121.18242,41
2022-09-06T09:00:00-00:00,2022-09-06T10:00:00-00:00,2022-09-06,3,AEC300_1_N001,LMP,121.62338,41
2022-09-06T10:00:00-00:00,2022-09-06T11:00:00-00:00,2022-09-06,4,AEC300_1_N001,LMP,115.75908,41
2022-09-06T11:00:00-00:00,2022-09-06T12:00:00-00:00,2022-09-06,5,AEC300_1_N001,LMP,116.07335,41
2022-09-06T12:00:00-00:00,2022-09-06T13:00:00-00:00,2022-09-06,6,AEC300_1_N001,LMP,129.98,41
2022-09-06T13:00:00-00:00,2022-09-06T14:00:00-00:00,2022-09-06,7,AEC300_1_N001,LMP,133.69913,41
2022-09-06T14:00:00-00:00,2022-09-06T15:00:00-00:00,2022-09-06,8,AEC300_1_N001,LMP,115.32453,41
2022-09-06T15:00:00-00:00,2022-09-06T16:00:00-00:00,2022-09-06,9,AEC300_1_N001,LMP,96.30426,41
2022-09-06T16:00:00-00:00,2022-09-06T17:00:00-00:00,2022-09-06,10,AEC300_1_N001,LMP,101.39561,41
2022-09-06T17:00:00-00:00,2022-09-06T18:00:00-00:00,2022-09-06,11,AEC300_1_N001,LMP,113.20431,41
2022-09-06T18:00:00-00:00,2022-09-06T19:00:00-00:00,2022-09-06,12,AEC300_1_N001,LMP,119.51235,41
2022-09-06T19:00:00-00:00,2022-09-06T20:00:00-00:00,2022-09-06,13,AEC300_1_N001,LMP,145.22734,41
2022-09-06T20:00:00-00:00,2022-09-06T21:00:00-00:00,2022-09-06,14,AEC300_1_N001,LMP,170.36104,41
2022-09-06T21:00:00-00:00,2022-09-06T22:00:00-00:00,2022-09-06,15,AEC300_1_N001,LMP,187.21278,41
2022-09-06T22:00:00-00:00,2022-09-06T23:00:00-00:00,2022-09-06,16,AEC300_1_N001,LMP,294.9813,41
2022-09-06T23:00:00-00:00,2022-09-07T00:00:00-00:00,2022-09-06,17,AEC300_1_N001,LMP,394.70447,41
2022-09-07T00:00:00-00:00,2022-09-07T01:00:00-00:00,2022-09-06,18,AEC300_1_N001,LMP,936.1115,41
2022-09-07T01:00:00-00:00,2022-09-07T02:00:00-00:00,2022-09-06,19,AEC300_1_N001,LMP,1178.5688,41
2022-09-07T02:00:00-00:00,2022-09-07T03:00:00-00:00,2022-09-06,20,AEC300_1_N001,LMP,1079.5411,41
2022-09-07T03:00:00-00:00,2022-09-07T04:00:00-00:00,2022-09-06,21,AEC300_1_N001,LMP,744.9168,41
2022-09-07T04:00:00-00:00,2022-09-07T05:00:00-00:00,2022-09-06,22,AEC300_1_N001,LMP,220.92763,41
2022-09-07T05:00:00-00:00,2022-09-07T06:00:00-00:00,2022-09-06,23,AEC300_1_N001,LMP,173.46603,41
2022-09-07T06:00:00-00:00,2022-09-07T07:00:00-00:00,2022-09-06,24,AEC300_1_N001,LMP,151.62453,41
2022-09-07T07:00:00-00:00,2022-09-07T08:00:00-00:00,2022-09-07,1,AEC300_1_N001,LMP,113.93916,46
2022-09-07T08:00:00-00:00,2022-09-07T09:00:00-00:00,2022-09-07,2,AEC300_1_N001,LMP,108.53582,46
2022-09-07T09:00:00-00:00,2022-09-07T10:00:00-00:00,2022-09-07,3,AEC300_1_N001,LMP,105.98376,46
2022-09-07T10:00:00-00:00,2022-09-07T11:00:00-00:00,2022-09-07,4,AEC300_1_N001,LMP,102.03921,46
2022-09-07T11:00:00-00:00,2022-09-07T12:00:00-00:00,2022-09-07,5,AEC300_1_N001,LMP,102.06127,46
2022-09-07T12:00:00-00:00,2022-09-07T13:00:00-00:00,2022-09-07,6,AEC300_1_N001,LMP,105.31508,46
2022-09-07T13:00:00-00:00,2022-09-07T14:00:00-00:00,2022-09-07,7,AEC300_1_N001,LMP,109.05275,46
2022-09-07T14:00:00-00:00,2022-09-07T15:00:00-00:00,2022-09-07,8,AEC300_1_N001,LMP,98.08278,46
2022-09-07T15:00:00-00:00,2022-09-07T16:00:00-00:00,2022-09-07,9,AEC300_1_N001,LMP,82.03972,46
2022-09-07T16:00:00-00:00,2022-09-07T17:00:00-00:00,2022-09-07,10,AEC300_1_N001,LMP,84.18658,46
2022-09-07T17:00:00-00:00,2022-09-07T18:00:00-00:00,2022-09-07,11,AEC300_1_N001,LMP,93.35691,46
2022-09-07T18:00:00-00:00,2022-09-07T19:00:00-00:00,2022-09-07,12,AEC300_1_N001,LMP,110.1537,46
2022-09-07T19:00:00-00:00,2022-09-07T20:00:00-00:00,2022-09-07,13,AEC300_1_N001,LMP,119.432,46
2022-09-07T20:00:00-00:00,2022-09-07T21:00:00-00:00,2022-09-07,14,AEC300_1_N001,LMP,137.00414,46
2022-09-07T21:00:00-00:00,2022-09-07T22:00:00-00:00,2022-09-07,15,AEC300_1_N001,LMP,166.39993,46
2022-09-07T22:00:00-00:00,2022-09-07T23:00:00-00:00,2022-09-07,16,AEC300_1_N001,LMP,234.63971,46
2022-09-07T23:00:00-00:00,2022-09-08T00:00:00-00:00,2022-09-07,17,AEC300_1_N001,LMP,361.93945,46
2022-09-08T00:00:00-00:00,2022-09-08T01:00:00-00:00,2022-09-07,18,AEC300_1_N001,LMP,923.6591,46
2022-09-08T01:00:00-00:00,2022-09-08T02:00:00-00:00,2022-09-07,19,AEC300_1_N001,LMP,1258.2267,46
2022-09-08T02:00:00-00:00,2022-09-08T03:00:00-00:00,2022-09-07,20,AEC300_1_N001,LMP,1146.0114,46
2022-09-08T03:00:00-00:00,2022-09-08T04:00:00-00:00,2022-09-07,21,AEC300_1_N001,LMP,809.36487,46
2022-09-08T04:00:00-00:00,2022-09-08T05:00:00-00:00,2022-09-07,22,AEC300_1_N001,LMP,255.52216,46
2022-09-08T05:00:00-00:00,2022-09-08T06:00:00-00:00,2022-09-07,23,AEC300_1_N001,LMP,150.43575,46
2022-09-08T06:00:00-00:00,2022-09-08T07:00:00-00:00,2022-09-07,24,AEC300_1_N001,LMP,131.43846,46
2022-09-08T07:00:00-00:00,2022-09-08T08:00:00-00:00,2022-09-08,1,AEC300_1_N001,LMP,111.1614,51
2022-09-08T08:00:00-00:00,2022-09-08T09:00:00-00:00,2022-09-08,2,AEC300_1_N001,LMP,105.17622,51
2022-09-08T09:00:00-00:00,2022-09-08T10:00:00-00:00,2022-09-08,3,AEC300_1_N001,LMP,97.08996,51
2022-09-08T10:00:00-00:00,2022-09-08T11:00:00-00:00,2022-09-08,4,AEC300_1_N001,LMP,96.57388,51
2022-09-08T11:00:00-00:00,2022-09-08T12:00:00-00:00,2022-09-08,5,AEC300_1_N001,LMP,94.56436,51
2022-09-08T12:00:00-00:00,2022-09-08T13:00:00-00:00,2022-09-08,6,AEC300_1_N001,LMP,97.08116,51
2022-09-08T13:00:00-00:00,2022-09-08T14:00:00-00:00,2022-09-08,7,AEC300_1_N001,LMP,110.91218,51
2022-09-08T14:00:00-00:00,2022-09-08T15:00:00-00:00,2022-09-08,8,AEC300_1_N001,LMP,100.67373,51
2022-09-08T15:00:00-00:00,2022-09-08T16:00:00-00:00,2022-09-08,9,AEC300_1_N001,LMP,88.20887,51
2022-09-08T16:00:00-00:00,2022-09-08T17:00:00-00:00,2022-09-08,10,AEC300_1_N001,LMP,88.71934,51
2022-09-08T17:00:00-00:00,2022-09-08T18:00:00-00:00,2022-09-08,11,AEC300_1_N001,LMP,104.09273,51
2022-09-08T18:00:00-00:00,2022-09-08T19:00:00-00:00,2022-09-08,12,AEC300_1_N001,LMP,108.75705,51
2022-09-08T19:00:00-00:00,2022-09-08T20:00:00-00:00,2022-09-08,13,AEC300_1_N001,LMP,125.4761,51
2022-09-08T20:00:00-00:00,2022-09-08T21:00:00-00:00,2022-09-08,14,AEC300_1_N001,LMP,145.30902,51
2022-09-08T21:00:00-00:00,2022-09-08T22:00:00-00:00,2022-09-08,15,AEC300_1_N001,LMP,205.43587,51
2022-09-08T22:00:00-00:00,2022-09-08T23:00:00-00:00,2022-09-08,16,AEC300_1_N001,LMP,370.18542,51
2022-09-08T23:00:00-00:00,2022-09-09T00:00:00-00:00,2022-09-08,17,AEC300_1_N001,LMP,543.07587,51
2022-09-09T00:00:00-00:00,2022-09-09T01:00:00-00:00,2022-09-08,18,AEC300_1_N001,LMP,959.7349,51
2022-09-09T01:00:00-00:00,2022-09-09T02:00:00-00:00,2022-09-08,19,AEC300_1_N001,LMP,998.54016,51
2022-09-09T02:00:00-00:00,2022-09-09T03:00:00-00:00,2022-09-08,20,AEC300_1_N001,LMP,964.4114,51
2022-09-09T03:00:00-00:00,2022-09-09T04:00:00-00:00,2022-09-08,21,AEC300_1_N001,LMP,698.6141,51
2022-09-09T04:00:00-00:00,2022-09-09T05:00:00-00:00,2022-09-08,22,AEC300_1_N001,LMP,256.05185,51
2022-09-09T05:00:00-00:00,2022-09-09T06:00:00-00:00,2022-09-08,23,AEC300_1_N001,LMP,150.35905,51
2022-09-09T06:00:00-00:00,2022-09-09T07:00:00-00:00,2022-09-08,24,AEC300_1_N001,LMP,121.89047,51
2022-09-09T07:00:00-00:00,2022-09-09T08:00:00-00:00,2022-09-09,1,AEC300_1_N001,LMP,109.51791,56
2022-09-09T08:00:00-00:00,2022-09-09T09:00:00-00:00,2022-09-09,2,AEC300_1_N001,LMP,101.10054,56
2022-09-09T09:00:00-00:00,2022-09-09T10:00:00-00:00,2022-09-09,3,AEC300_1_N001,LMP,96.65036,56
2022-09-09T10:00:00-00:00,2022-09-09T11:00:00-00:00,2022-09-09,4,AEC300_1_N001,LMP,91.86899,56
2022-09-09T11:00:00-00:00,2022-09-09T12:00:00-00:00,2022-09-09,5,AEC300_1_N001,LMP,91.9961,56
2022-09-09T12:00:00-00:00,2022-09-09T13:00:00-00:00,2022-09-09,6,AEC300_1_N001,LMP,97.52607,56
2022-09-09T13:00:00-00:00,2022-09-09T14:00:00-00:00,2022-09-09,7,AEC300_1_N001,LMP,102.22089,56
2022-09-09T14:00:00-00:00,2022-09-09T15:00:00-00:00,2022-09-09,8,AEC300_1_N001,LMP,105.80014,56
2022-09-09T15:00:00-00:00,2022-09-09T16:00:00-00:00,2022-09-09,9,AEC300_1_N001,LMP,98.0245,56
2022-09-09T16:00:00-00:00,2022-09-09T17:00:00-00:00,2022-09-09,10,AEC300_1_N001,LMP,97.82068,56
2022-09-09T17:00:00-00:00,2022-09-09T18:00:00-00:00,2022-09-09,11,AEC300_1_N001,LMP,102.00508,56
2022-09-09T18:00:00-00:00,2022-09-09T19:00:00-00:00,2022-09-09,12,AEC300_1_N001,LMP,107.41606,56
2022-09-09T19:00:00-00:00,2022-09-09T20:00:00-00:00,2022-09-09,13,AEC300_1_N001,LMP,104.05979,56
2022-09-09T20:00:00-00:00,2022-09-09T21:00:00-00:00,2022-09-09,14,AEC300_1_N001,LMP,125.96858,56
2022-09-09T21:00:00-00:00,2022-09-09T22:00:00-00:00,2022-09-09,15,AEC300_1_N001,LMP,148.13521,56
2022-09-09T22:00:00-00:00,2022-09-09T23:00:00-00:00,2022-09-09,16,AEC300_1_N001,LMP,173.38704,56
2022-09-09T23:00:00-00:00,2022-09-10T00:00:00-00:00,2022-09-09,17,AEC300_1_N001,LMP,228.05838,56
2022-09-10T00:00:00-00:00,2022-09-10T01:00:00-00:00,2022-09-09,18,AEC300_1_N001,LMP,335.70837,56
2022-09-10T01:00:00-00:00,2022-09-10T02:00:00-00:00,2022-09-09,19,AEC300_1_N001,LMP,285.31183,56
2022-09-10T02:00:00-00:00,2022-09-10T03:00:00-00:00,2022-09-09,20,AEC300_1_N001,LMP,190.19902,56
2022-09-10T03:00:00-00:00,2022-09-10T04:00:00-00:00,2022-09-09,21,AEC300_1_N001,LMP,154.38237,56
2022-09-10T04:00:00-00:00,2022-09-10T05:00:00-00:00,2022-09-09,22,AEC300_1_N001,LMP,146.51483,56
2022-09-10T05:00:00-00:00,2022-09-10T06:00:00-00:00,2022-09-09,23,AEC300_1_N001,LMP,125.12789,56
2022-09-10T06:00:00-00:00,2022-09-10T07:00:00-00:00,2022-09-09,24,AEC300_1_N001,LMP,113.63475,56
2022-09-10T07:00:00-00:00,2022-09-10T08:00:00-00:00,2022-09-10,1,AEC300_1_N001,LMP,99.58241,61
2022-09-10T08:00:00-00:00,2022-09-10T09:00:00-00:00,2022-09-10,2,AEC300_1_N001,LMP,91.83335,61
2022-09-10T09:00:00-00:00,2022-09-10T10:00:00-00:00,2022-09-10,3,AEC300_1_N001,LMP,88.76866,61
2022-09-10T10:00:00-00:00,2022-09-10T11:00:00-00:00,2022-09-10,4,AEC300_1_N001,LMP,87.42827,61
2022-09-10T11:00:00-00:00,2022-09-10T12:00:00-00:00,2022-09-10,5,AEC300_1_N001,LMP,86.5734,61
2022-09-10T12:00:00-00:00,2022-09-10T13:00:00-00:00,2022-09-10,6,AEC300_1_N001,LMP,86.39929,61
2022-09-10T13:00:00-00:00,2022-09-10T14:00:00-00:00,2022-09-10,7,AEC300_1_N001,LMP,78.90355,61
2022-09-10T14:00:00-00:00,2022-09-10T15:00:00-00:00,2022-09-10,8,AEC300_1_N001,LMP,74.43474,61
2022-09-10T15:00:00-00:00,2022-09-10T16:00:00-00:00,2022-09-10,9,AEC300_1_N001,LMP,75.42423,61
2022-09-10T16:00:00-00:00,2022-09-10T17:00:00-00:00,2022-09-10,10,AEC300_1_N001,LMP,73.9744,61
2022-09-10T17:00:00-00:00,2022-09-10T18:00:00-00:00,2022-09-10,11,AEC300_1_N001,LMP,73.55116,61
2022-09-10T18:00:00-00:00,2022-09-10T19:00:00-00:00,2022-09-10,12,AEC300_1_N001,LMP,77.53195,61
2022-09-10T19:00:00-00:00,2022-09-10T20:00:00-00:00,2022-09-10,13,AEC300_1_N001,LMP,78.06137,61
2022-09-10T20:00:00-00:00,2022-09-10T21:00:00-00:00,2022-09-10,14,AEC300_1_N001,LMP,82.59919,61
2022-09-10T21:00:00-00:00,2022-09-10T22:00:00-00:00,2022-09-10,15,AEC300_1_N001,LMP,89.3712,61
2022-09-10T22:00:00-00:00,2022-09-10T23:00:00-00:00,2022-09-10,16,AEC300_1_N001,LMP,97.7155,61
2022-09-10T23:00:00-00:00,2022-09-11T00:00:00-00:00,2022-09-10,17,AEC300_1_N001,LMP,107.97902,61
2022-09-11T00:00:00-00:00,2022-09-11T01:00:00-00:00,2022-09-10,18,AEC300_1_N001,LMP,113.848,61
2022-09-11T01:00:00-00:00,2022-09-11T02:00:00-00:00,2022-09-10,19,AEC300_1_N001,LMP,125.32702,61
2022-09-11T02:00:00-00:00,2022-09-11T03:00:00-00:00,2022-09-10,20,AEC300_1_N001,LMP,120.73098,61
2022-09-11T03:00:00-00:00,2022-09-11T04:00:00-00:00,2022-09-10,21,AEC300_1_N001,LMP,109.91124,61
2022-09-11T04:00:00-00:00,2022-09-11T05:00:00-00:00,2022-09-10,22,AEC300_1_N001,LMP,108.65946,61
2022-09-11T05:00:00-00:00,2022-09-11T06:00:00-00:00,2022-09-10,23,AEC300_1_N001,LMP,99.39503,61
2022-09-11T06:00:00-00:00,2022-09-11T07:00:00-00:00,2022-09-10,24,AEC300_1_N001,LMP,91.82865,61
2022-09-11T07:00:00-00:00,2022-09-11T08:00:00-00:00,2022-09-11,1,AEC300_1_N001,LMP,100.45431,66
2022-09-11T08:00:00-00:00,2022-09-11T09:00:00-00:00,2022-09-11,2,AEC300_1_N001,LMP,95.36558,66
2022-09-11T09:00:00-00:00,2022-09-11T10:00:00-00:00,2022-09-11,3,AEC300_1_N001,LMP,92.18811,66
2022-09-11T10:00:00-00:00,2022-09-11T11:00:00-00:00,2022-09-11,4,AEC300_1_N001,LMP,89.18592,66
2022-09-11T11:00:00-00:00,2022-09-11T12:00:00-00:00,2022-09-11,5,AEC300_1_N001,LMP,88.93105,66
2022-09-11T12:00:00-00:00,2022-09-11T13:00:00-00:00,2022-09-11,6,AEC300_1_N001,LMP,89.24377,66
2022-09-11T13:00:00-00:00,2022-09-11T14:00:00-00:00,2022-09-11,7,AEC300_1_N001,LMP,89.25701,66
2022-09-11T14:00:00-00:00,2022-09-11T15:00:00-00:00,2022-09-11,8,AEC300_1_N001,LMP,84.73241,66
2022-09-11T15:00:00-00:00,2022-09-11T16:00:00-00:00,2022-09-11,9,AEC300_1_N001,LMP,71.0648,66
2022-09-11T16:00:00-00:00,2022-09-11T17:00:00-00:00,2022-09-11,10,AEC300_1_N001,LMP,66.46771,66
2022-09-11T17:00:00-00:00,2022-09-11T18:00:00-00:00,2022-09-11,11,AEC300_1_N001,LMP,64.84016,66
2022-09-11T18:00:00-00:00,2022-09-11T19:00:00-00:00,2022-09-11,12,AEC300_1_N001,LMP,67.1614,66
2022-09-11T19:00:00-00:00,2022-09-11T20:00:00-00:00,2022-09-11,13,AEC300_1_N001,LMP,72.89605,66
2022-09-11T20:00:00-00:00,2022-09-11T21:00:00-00:00,2022-09-11,14,AEC300_1_N001,LMP,75.86018,66
2022-09-11T21:00:00-00:00,2022-09-11T22:00:00-00:00,2022-09-11,15,AEC300_1_N001,LMP,84.19264,66
2022-09-11T22:00:00-00:00,2022-09-11T23:00:00-00:00,2022-09-11,16,AEC300_1_N001,LMP,95.50986,66
2022-09-11T23:00:00-00:00,2022-09-12T00:00:00-00:00,2022-09-11,17,AEC300_1_N001,LMP,102.62805,66
2022-09-12T00:00:00-00:00,2022-09-12T01:00:00-00:00,2022-09-11,18,AEC300_1_N001,LMP,123.48585,66
2022-09-12T01:00:00-00:00,2022-09-12T02:00:00-00:00,2022-09-11,19,AEC300_1_N001,LMP,145.34602,66
2022-09-12T02:00:00-00:00,2022-09-12T03:00:00-00:00,2022-09-11,20,AEC300_1_N001,LMP,131.68124,66
2022-09-12T03:00:00-00:00,2022-09-12T04:00:00-00:00,2022-09-11,21,AEC300_1_N001,LMP,121.22683,66
2022-09-12T04:00:00-00:00,2022-09-12T05:00:00-00:00,2022-09-11,22,AEC300_1_N001,LMP,117.50592,66
2022-09-12T05:00:00-00:00,2022-09-12T06:00:00-00:00,2022-09-11,23,AEC300_1_N001,LMP,99.91688,66
2022-09-12T06:00:00-00:00,2022-09-12T07:00:00-00:00,2022-09-11,24,AEC300_1_N001,LMP,95.02991,66
2022-09-12T07:00:00-00:00,2022-09-12T08:00:00-00:00,2022-09-12,1,AEC300_1_N001,LMP,86.28134,71
2022-09-12T08:00:00-00:00,2022-09-12T09:00:00-00:00,2022-09-12,2,AEC300_1_N001,LMP,83.29292,71
2022-09-12T09:00:00-00:00,2022-09-12T10:00:00-00:00,2022-09-12,3,AEC300_1_N001,LMP,78.24238,71
2022-09-12T10:00:00-00:00,2022-09-12T11:00:00-00:00,2022-09-12,4,AEC300_1_N001,LMP,77.34915,71
2022-09-12T11:00:00-00:00,2022-09-12T12:00:00-00:00,2022-09-12,5,AEC300_1_N001,LMP,80.39269,71
2022-09-12T12:00:00-00:00,2022-09-12T13:00:00-00:00,2022-09-12,6,AEC300_1_N001,LMP,85.91766,71
2022-09-12T13:00:00-00:00,2022-09-12T14:00:00-00:00,2022-09-12,7,AEC300_1_N001,LMP,92.98774,71
2022-09-12T14:00:00-00:00,2022-09-12T15:00:00-00:00,2022-09-12,8,AEC300_1_N001,LMP,88.14064,71
2022-09-12T15:00:00-00:00,2022-09-12T16:00:00-00:00,2022-09-12,9,AEC300_1_N001,LMP,74.9664,71
2022-09-12T16:00:00-00:00,2022-09-12T17:00:00-00:00,2022-09-12,10,AEC300_1_N001,LMP,71.06526,71
2022-09-12T17:00:00-00:00,2022-09-12T18:00:00-00:00,2022-09-12,11,AEC300_1_N001,LMP,71.20284,71
2022-09-12T18:00:00-00:00,2022-09-12T19:00:00-00:00,2022-09-12,12,AEC300_1_N001,LMP,72.14188,71
2022-09-12T19:00:00-00:00,2022-09-12T20:00:00-00:00,2022-09-12,13,AEC300_1_N001,LMP,74.79521,71
2022-09-12T20:00:00-00:00,2022-09-12T21:00:00-00:00,2022-09-12,14,AEC300_1_N001,LMP,81.68831,71
2022-09-12T21:00:00-00:00,2022-09-12T22:00:00-00:00,2022-09-12,15,AEC300_1_N001,LMP,83.47799,71
2022-09-12T22:00:00-00:00,2022-09-12T23:00:00-00:00,2022-09-12,16,AEC300_1_N001,LMP,88.06645,71
2022-09-12T23:00:00-00:00,2022-09-13T00:00:00-00:00,2022-09-12,17,AEC300_1_N001,LMP,83.57184,71
2022-09-13T00:00:00-00:00,2022-09-13T01:00:00-00:00,2022-09-12,18,AEC300_1_N001,LMP,106.20561,71
2022-09-13T01:00:00-00:00,2022-09-13T02:00:00-00:00,2022-09-12,19,AEC300_1_N001,LMP,124.83141,71
2022-09-13T02:00:00-00:00,2022-09-13T03:00:00-00:00,2022-09-12,20,AEC300_1_N001,LMP,119.98472,71
2022-09-13T03:00:00-00:00,2022-09-13T04:00:00-00:00,2022-09-12,21,AEC300_1_N001,LMP,111.15956,71
2022-09-13T04:00:00-00:00,2022-09-13T05:00:00-00:00,2022-09-12,22,AEC300_1_N001,LMP,106.19753,71
2022-09-13T05:00:00-00:00,2022-09-13T06:00:00-00:00,2022-09-12,23,AEC300_1_N001,LMP,95.57861,71
2022-09-13T06:00:00-00:00,2022-09-13T07:00:00-00:00,2022-09-12,24,AEC300_1_N001,LMP,85.2678,71
2022-09-13T07:00:00-00:00,2022-09-13T08:00:00-00:00,2022-09-13,1,AEC300_1_N001,LMP,82.59805,76
2022-09-13T08:00:00-00:00,2022-09-13T09:00:00-00:00,2022-09-13,2,AEC300_1_N001,LMP,80.18141,76
2022-09-13T09:00:00-00:00,2022-09-13T10:00:00-00:00,2022-09-13,3,AEC300_1_N001,LMP,77.14427,76
2022-09-13T10:00:00-00:00,2022-09-13T11:00:00-00:00,2022-09-13,4,AEC300_1_N001,LMP,76.34398,76
2022-09-13T11:00:00-00:00,2022-09-13T12:00:00-00:00,2022-09-13,5,AEC300_1_N001,LMP,77.38051,76
2022-09-13T12:00:00-00:00,2022-09-13T13:00:00-00:00,2022-09-13,6,AEC300_1_N001,LMP,82.89841,76
2022-09-13T13:00:00-00:00,2022-09-13T14:00:00-00:00,2022-09-13,7,AEC300_1_N001,LMP,97.66565,76
2022-09-13T14:00:00-00:00,2022-09-13T15:00:00-00:00,2022-09-13,8,AEC300_1_N001,LMP,95.04362,76
2022-09-13T15:00:00-00:00,2022-09-13T16:00:00-00:00,2022-09-13,9,AEC300_1_N001,LMP,75.09688,76
2022-09-13T16:00:00-00:00,2022-09-13T17:00:00-00:00,2022-09-13,10,AEC300_1_N001,LMP,72.08533,76
2022-09-13T17:00:00-00:00,2022-09-13T18:00:00-00:00,2022-09-13,11,AEC300_1_N001,LMP,70.75797,76
2022-09-13T18:00:00-00:00,2022-09-13T19:00:00-00:00,2022-09-13,12,AEC300_1_N001,LMP,70.35466,76
2022-09-13T19:00:00-00:00,2022-09-13T20:00:00-00:00,2022-09-13,13,AEC300_1_N001,LMP,70.32051,76
2022-09-13T20:00:00-00:00,2022-09-13T21:00:00-00:00,2022-09-13,14,AEC300_1_N001,LMP,72.42103,76
2022-09-13T21:00:00-00:00,2022-09-13T22:00:00-00:00,2022-09-13,15,AEC300_1_N001,LMP,72.86159,76
2022-09-13T22:00:00-00:00,2022-09-13T23:00:00-00:00,2022-09-13,16,AEC300_1_N001,LMP,78.75915,76
2022-09-13T23:00:00-00:00,2022-09-14T00:00:00-00:00,2022-09-13,17,AEC300_1_N001,LMP,78.90052,76
2022-09-14T00:00:00-00:00,2022-09-14T01:00:00-00:00,2022-09-13,18,AEC300_1_N001,LMP,91.58066,76
2022-09-14T01:00:00-00:00,2022-09-14T02:00:00-00:00,2022-09-13,19,AEC300_1_N001,LMP,111.41941,76
2022-09-14T02:00:00-00:00,2022-09-14T03:00:00-00:00,2022-09-13,20,AEC300_1_N001,LMP,114.17794,76
2022-09-14T03:00:00-00:00,2022-09-14T04:00:00-00:00,2022-09-13,21,AEC300_1_N001,LMP,106.02237,76
2022-09-14T04:00:00-00:00,2022-09-14T05:00:00-00:00,2022-09-13,22,AEC300_1_N001,LMP,100.41425,76
2022-09-14T05:00:00-00:00,2022-09-14T06:00:00-00:00,2022-09-13,23,AEC300_1_N001,LMP,93.40102,76
2022-09-14T06:00:00-00:00,2022-09-14T07:00:00-00:00,2022-09-13,24,AEC300_1_N001,LMP,83.7432,76
2022-09-14T07:00:00-00:00,2022-09-14T08:00:00-00:00,2022-09-14,1,AEC300_1_N001,LMP,83.65894,81
2022-09-14T08:00:00-00:00,2022-09-14T09:00:00-00:00,2022-09-14,2,AEC300_1_N001,LMP,78.49233,81
2022-09-14T09:00:00-00:00,2022-09-14T10:00:00-00:00,2022-09-14,3,AEC300_1_N001,LMP,75.36507,81
2022-09-14T10:00:00-00:00,2022-09-14T11:00:00-00:00,2022-09-14,4,AEC300_1_N001,LMP,75.08141,81
2022-09-14T11:00:00-00:00,2022-09-14T12:00:00-00:00,2022-09-14,5,AEC300_1_N001,LMP,76.63993,81
2022-09-14T12:00:00-00:00,2022-09-14T13:00:00-00:00,2022-09-14,6,AEC300_1_N001,LMP,86.32602,81
2022-09-14T13:00:00-00:00,2022-09-14T14:00:00-00:00,2022-09-14,7,AEC300_1_N001,LMP,97.37471,81
2022-09-14T14:00:00-00:00,2022-09-14T15:00:00-00:00,2022-09-14,8,AEC300_1_N001,LMP,87.61692,81
2022-09-14T15:00:00-00:00,2022-09-14T16:00:00-00:00,2022-09-14,9,AEC300_1_N001,LMP,73.43268,81
2022-09-14T16:00:00-00:00,2022-09-14T17:00:00-00:00,2022-09-14,10,AEC300_1_N001,LMP,67.61507,81
2022-09-14T17:00:00-00:00,2022-09-14T18:00:00-00:00,2022-09-14,11,AEC300_1_N001,LMP,62.38711,81
2022-09-14T18:00:00-00:00,2022-09-14T19:00:00-00:00,2022-09-14,12,AEC300_1_N001,LMP,66.12257,81
2022-09-14T19:00:00-00:00,2022-09-14T20:00:00-00:00,2022-09-14,13,AEC300_1_N001,LMP,68.28149,81
2022-09-14T20:00:00-00:00,2022-09-14T21:00:00-00:00,2022-09-14,14,AEC300_1_N001,LMP,71.05726,81
2022-09-14T21:00:00-00:00,2022-09-14T22:00:00-00:00,2022-09-14,15,AEC300_1_N001,LMP,71.59866,81
2022-09-14T22:00:00-00:00,2022-09-14T23:00:00-00:00,2022-09-14,16,AEC300_1_N001,LMP,74.14525,81
2022-09-14T23:00:00-00:00,2022-09-15T00:00:00-00:00,2022-09-14,17,AEC300_1_N001,LMP,76.70663,81
2022-09-15T00:00:00-00:00,2022-09-15T01:00:00-00:00,2022-09-14,18,AEC300_1_N001,LMP,89.64521,81
2022-09-15T01:00:00-00:00,2022-09-15T02:00:00-00:00,2022-09-14,19,AEC300_1_N001,LMP,105.57865,81
2022-09-15T02:00:00-00:00,2022-09-15T03:00:00-00:00,2022-09-14,20,AEC300_1_N001,LMP,109.33254,81
2022-09-15T03:00:00-00:00,2022-09-15T04:00:00-00:00,2022-09-14,21,AEC300_1_N001,LMP,102.83049,81
2022-09-15T04:00:00-00:00,2022-09-15T05:00:00-00:00,2022-09-14,22,AEC300_1_N001,LMP,98.13795,81
2022-09-15T05:00:00-00:00,2022-09-15T06:00:00-00:00,2022-09-14,23,AEC300_1_N001,LMP,86.35912,81
2022-09-15T06:00:00-00:00,2022-09-15T07:00:00-00:00,2022-09-14,24,AEC300_1_N001,LMP,82.02026,81
2022-09-15T07:00:00-00:00,2022-09-15T08:00:00-00:00,2022-09-15,1,AEC300_1_N001,LMP,83.26637,86
2022-09-15T08:00:00-00:00,2022-09-15T09:00:00-00:00,2022-09-15,2,AEC300_1_N001,LMP,84.72981,86
2022-09-15T09:00:00-00:00,2022-09-15T10:00:00-00:00,2022-09-15,3,AEC300_1_N001,LMP,77.57299,86
2022-09-15T10:00:00-00:00,2022-09-15T11:00:00-00:00,2022-09-15,4,AEC300_1_N001,LMP,77.72368,86
2022-09-15T11:00:00-00:00,2022-09-15T12:00:00-00:00,2022-09-15,5,AEC300_1_N001,LMP,80.18189,86
2022-09-15T12:00:00-00:00,2022-09-15T13:00:00-00:00,2022-09-15,6,AEC300_1_N001,LMP,86.39785,86
2022-09-15T13:00:00-00:00,2022-09-15T14:00:00-00:00,2022-09-15,7,AEC300_1_N001,LMP,96.99718,86
2022-09-15T14:00:00-00:00,2022-09-15T15:00:00-00:00,2022-09-15,8,AEC300_1_N001,LMP,88.41809,86
2022-09-15T15:00:00-00:00,2022-09-15T16:00:00-00:00,2022-09-15,9,AEC300_1_N001,LMP,76.54499,86
2022-09-15T16:00:00-00:00,2022-09-15T17:00:00-00:00,2022-09-15,10,AEC300_1_N001,LMP,71.87139,86
2022-09-15T17:00:00-00:00,2022-09-15T18:00:00-00:00,2022-09-15,11,AEC300_1_N001,LMP,67.86268,86
2022-09-15T18:00:00-00:00,2022-09-15T19:00:00-00:00,2022-09-15,12,AEC300_1_N001,LMP,68.19933,86
2022-09-15T19:00:00-00:00,2022-09-15T20:00:00-00:00,2022-09-15,13,AEC300_1_N001,LMP,69.07714,86
2022-09-15T20:00:00-00:00,2022-09-15T21:00:00-00:00,2022-09-15,14,AEC300_1_N001,LMP,72.21144,86
2022-09-15T21:00:00-00:00,2022-09-15T22:00:00-00:00,2022-09-15,15,AEC300_1_N001,LMP,77.1989,86
2022-09-15T22:00:00-00:00,2022-09-15T23:00:00-00:00,2022-09-15,16,AEC300_1_N001,LMP,75.48475,86
2022-09-15T23:00:00-00:00,2022-09-16T00:00:00-00:00,2022-09-15,17,AEC300_1_N001,LMP,75.03974,86
2022-09-16T00:00:00-00:00,2022-09-16T01:00:00-00:00,2022-09-15,18,AEC300_1_N001,LMP,88.40008,86
2022-09-16T01:00:00-00:00,2022-09-16T02:00:00-00:00,2022-09-15,19,AEC300_1_N001,LMP,102.36094,86
2022-09-16T02:00:00-00:00,2022-09-16T03:00:00-00:00,2022-09-15,20,AEC300_1_N001,LMP,103.9668,86
2022-09-16T03:00:00-00:00,2022-09-16T04:00:00-00:00,2022-09-15,21,AEC300_1_N001,LMP,98.14755,86
2022-09-16T04:00:00-00:00,2022-09-16T05:00:00-00:00,2022-09-15,22,AEC300_1_N001,LMP,94.94218,86
2022-09-16T05:00:00-00:00,2022-09-16T06:00:00-00:00,2022-09-15,23,AEC300_1_N001,LMP,85.41774,86
2022-09-16T06:00:00-00:00,2022-09-16T07:00:00-00:00,2022-09-15,24,AEC300_1_N001,LMP,81.43504,86
2022-09-16T07:00:00-00:00,2022-09-16T08:00:00-00:00,2022-09-16,1,AEC300_1_N001,LMP,76.99629,91
2022-09-16T08:00:00-00:00,2022-09-16T09:00:00-00:00,2022-09-16,2,AEC300_1_N001,LMP,74.13406,91
2022-09-16T09:00:00-00:00,2022-09-16T10:00:00-00:00,2022-09-16,3,AEC300_1_N001,LMP,71.64758,91
2022-09-16T10:00:00-00:00,2022-09-16T11:00:00-00:00,2022-09-16,4,AEC300_1_N001,LMP,71.63592,91
2022-09-16T11:00:00-00:00,2022-09-16T12:00:00-00:00,2022-09-16,5,AEC300_1_N001,LMP,72.48136,91
2022-09-16T12:00:00-00:00,2022-09-16T13:00:00-00:00,2022-09-16,6,AEC300_1_N001,LMP,78.68615,91
2022-09-16T13:00:00-00:00,2022-09-16T14:00:00-00:00,2022-09-16,7,AEC300_1_N001,LMP,88.95842,91
2022-09-16T14:00:00-00:00,2022-09-16T15:00:00-00:00,2022-09-16,8,AEC300_1_N001,LMP,80.44434,91
2022-09-16T15:00:00-00:00,2022-09-16T16:00:00-00:00,2022-09-16,9,AEC300_1_N001,LMP,73.08171,91
2022-09-16T16:00:00-00:00,2022-09-16T17:00:00-00:00,2022-09-16,10,AEC300_1_N001,LMP,63.79124,91
2022-09-16T17:00:00-00:00,2022-09-16T18:00:00-00:00,2022-09-16,11,AEC300_1_N001,LMP,54.61821,91
2022-09-16T18:00:00-00:00,2022-09-16T19:00:00-00:00,2022-09-16,12,AEC300_1_N001,LMP,50.96841,91
2022-09-16T19:00:00-00:00,2022-09-16T20:00:00-00:00,2022-09-16,13,AEC300_1_N001,LMP,56.78145,91
2022-09-16T20:00:00-00:00,2022-09-16T21:00:00-00:00,2022-09-16,14,AEC300_1_N001,LMP,61.08158,91
2022-09-16T21:00:00-00:00,2022-09-16T22:00:00-00:00,2022-09-16,15,AEC300_1_N001,LMP,64.22181,91
2022-09-16T22:00:00-00:00,2022-09-16T23:00:00-00:00,2022-09-16,16,AEC300_1_N001,LMP,66.89342,91
2022-09-16T23:00:00-00:00,2022-09-17T00:00:00-00:00,2022-09-16,17,AEC300_1_N001,LMP,69.38085,91
2022-09-17T00:00:00-00:00,2022-09-17T01:00:00-00:00,2022-09-16,18,AEC300_1_N001,LMP,79.35984,91
2022-09-17T01:00:00-00:00,2022-09-17T02:00:00-00:00,2022-09-16,19,AEC300_1_N001,LMP,96.72013,91
2022-09-17T02:00:00-00:00,2022-09-17T03:00:00-00:00,2022-09-16,20,AEC300_1_N001,LMP,96.93044,91
2022-09-17T03:00:00-00:00,2022-09-17T04:00:00-00:00,2022-09-16,21,AEC300_1_N001,LMP,90.61571,91
2022-09-17T04:00:00-00:00,2022-09-17T05:00:00-00:00,2022-09-16,22,AEC300_1_N001,LMP,85.25799,91
2022-09-17T05:00:00-00:00,2022-09-17T06:00:00-00:00,2022-09-16,23,AEC300_1_N001,LMP,84.13527,91
2022-09-17T06:00:00-00:00,2022-09-17T07:00:00-00:00,2022-09-16,24,AEC300_1_N001,LMP,80.978,91
2022-09-17T07:00:00-00:00,2022-09-17T08:00:00-00:00,2022-09-17,1,AEC300_1_N001,LMP,71.69069,96
2022-09-17T08:00:00-00:00,2022-09-17T09:00:00-00:00,2022-09-17,2,AEC300_1_N001,LMP,70.99304,96
2022-09-17T09:00:00-00:00,2022-09-17T10:00:00-00:00,2022-09-17,3,AEC300_1_N001,LMP,67.0162,96
2022-09-17T10:00:00-00:00,2022-09-17T11:00:00-00:00,2022-09-17,4,AEC300_1_N001,LMP,65.16582,96
2022-09-17T11:00:00-00:00,2022-09-17T12:00:00-00:00,2022-09-17,5,AEC300_1_N001,LMP,67.54757,96
2022-09-17T12:00:00-00:00,2022-09-17T13:00:00-00:00,2022-09-17,6,AEC300_1_N001,LMP,70.15219,96
2022-09-17T13:00:00-00:00,2022-09-17T14:00:00-00:00,2022-09-17,7,AEC300_1_N001,LMP,71.56811,96
2022-09-17T14:00:00-00:00,2022-09-17T15:00:00-00:00,2022-09-17,8,AEC300_1_N001,LMP,66.35802,96
2022-09-17T15:00:00-00:00,2022-09-17T16:00:00-00:00,2022-09-17,9,AEC300_1_N001,LMP,56.91391,96
2022-09-17T16:00:00-00:00,2022-09-17T17:00:00-00:00,2022-09-17,10,AEC300_1_N001,LMP,43.37586,96
2022-09-17T17:00:00-00:00,2022-09-17T18:00:00-00:00,2022-09-17,11,AEC300_1_N001,LMP,40.43579,96
2022-09-17T18:00:00-00:00,2022-09-17T19:00:00-00:00,2022-09-17,12,AEC300_1_N001,LMP,36.02796,96
2022-09-17T19:00:00-00:00,2022-09-17T20:00:00-00:00,2022-09-17,13,AEC300_1_N001,LMP,37.17358,96
2022-09-17T20:00:00-00:00,2022-09-17T21:00:00-00:00,2022-09-17,14,AEC300_1_N001,LMP,37.7854,96
2022-09-17T21:00:00-00:00,2022-09-17T22:00:00-00:00,2022-09-17,15,AEC300_1_N001,LMP,45.39798,96
2022-09-17T22:00:00-00:00,2022-09-17T23:00:00-00:00,2022-09-17,16,AEC300_1_N001,LMP,47.87098,96
2022-09-17T23:00:00-00:00,2022-09-18T00:00:00-00:00,2022-09-17,17,AEC300_1_N001,LMP,50.58714,96
2022-09-18T00:00:00-00:00,2022-09-18T01:00:00-00:00,2022-09-17,18,AEC300_1_N001,LMP,66.705,96
2022-09-18T01:00:00-00:00,2022-09-18T02:00:00-00:00,2022-09-17,19,AEC300_1_N001,LMP,84.24511,96
2022-09-18T02:00:00-00:00,2022-09-18T03:00:00-00:00,2022-09-17,20,AEC300_1_N001,LMP,87.47606,96
2022-09-18T03:00:00-00:00,2022-09-18T04:00:00-00:00,2022-09-17,21,AEC300_1_N001,LMP,84.26906,96
2022-09-18T04:00:00-00:00,2022-09-18T05:00:00-00:00,2022-09-17,22,AEC300_1_N001,LMP,83.18893,96
2022-09-18T05:00:00-00:00,2022-09-18T06:00:00-00:00,2022-09-17,23,AEC300_1_N001,LMP,85.008,96
2022-09-18T06:00:00-00:00,2022-09-18T07:00:00-00:00,2022-09-17,24,AEC300_1_N001,LMP,81.91988,96
2022-09-18T07:00:00-00:00,2022-09-18T08:00:00-00:00,2022-09-18,1,AEC300_1_N001,LMP,78.50526,101
2022-09-18T08:00:00-00:00,2022-09-18T09:00:00-00:00,2022-09-18,2,AEC300_1_N001,LMP,88.21502,101
2022-09-18T09:00:00-00:00,2022-09-18T10:00:00-00:00,2022-09-18,3,AEC300_1_N001,LMP,70.63,101
2022-09-18T10:00:00-00:00,2022-09-18T11:00:00-00:00,2022-09-18,4,AEC300_1_N001,LMP,79.28861,101
2022-09-18T11:00:00-00:00,2022-09-18T12:00:00-00:00,2022-09-18,5,AEC300_1_N001,LMP,69.94931,101
2022-09-18T12:00:00-00:00,2022-09-18T13:00:00-00:00,2022-09-18,6,AEC300_1_N001,LMP,68.98836,101
2022-09-18T13:00:00-00:00,2022-09-18T14:00:00-00:00,2022-09-18,7,AEC300_1_N001,LMP,69.30254,101
2022-09-18T14:00:00-00:00,2022-09-18T15:00:00-00:00,2022-09-18,8,AEC300_1_N001,LMP,71.69731,101
2022-09-18T15:00:00-00:00,2022-09-18T16:00:00-00:00,2022-09-18,9,AEC300_1_N001,LMP,75.23539,101
2022-09-18T16:00:00-00:00,2022-09-18T17:00:00-00:00,2022-09-18,10,AEC300_1_N001,LMP,70.82,101
2022-09-18T17:00:00-00:00,2022-09-18T18:00:00-00:00,2022-09-18,11,AEC300_1_N001,LMP,100.22842,101
2022-09-18T18:00:00-00:00,2022-09-18T19:00:00-00:00,2022-09-18,12,AEC300_1_N001,LMP,87.30705,101
2022-09-18T19:00:00-00:00,2022-09-18T20:00:00-00:00,2022-09-18,13,AEC300_1_N001,LMP,124.89,101
2022-09-18T20:00:00-00:00,2022-09-18T21:00:00-00:00,2022-09-18,14,AEC300_1_N001,LMP,130.79076,101
2022-09-18T21:00:00-00:00,2022-09-18T22:00:00-00:00,2022-09-18,15,AEC300_1_N001,LMP,131.96,101
2022-09-18T22:00:00-00:00,2022-09-18T23:00:00-00:00,2022-09-18,16,AEC300_1_N001,LMP,59.11281,101
2022-09-18T23:00:00-00:00,2022-09-19T00:00:00-00:00,2022-09-18,17,AEC300_1_N001,LMP,64.08699,101
2022-09-19T00:00:00-00:00,2022-09-19T01:00:00-00:00,2022-09-18,18,AEC300_1_N001,LMP,85.699,101
2022-09-19T01:00:00-00:00,2022-09-19T02:00:00-00:00,2022-09-18,19,AEC300_1_N001,LMP,93.715,101
2022-09-19T02:00:00-00:00,2022-09-19T03:00:00-00:00,2022-09-18,20,AEC300_1_N001,LMP,96.39657,101
2022-09-19T03:00:00-00:00,2022-09-19T04:00:00-00:00,2022-09-18,21,AEC300_1_N001,LMP,91.55841,101
2022-09-19T04:00:00-00:00,2022-09-19T05:00:00-00:00,2022-09-18,22,AEC300_1_N001,LMP,86.18572,101
2022-09-19T05:00:00-00:00,2022-09-19T06:00:00-00:00,2022-09-18,23,AEC300_1_N001,LMP,82.63072,101
2022-09-19T06:00:00-00:00,2022-09-19T07:00:00-00:00,2022-09-18,24,AEC300_1_N001,LMP,77.91433,101
2022-09-19T07:00:00-00:00,2022-09-19T08:00:00-00:00,2022-09-19,1,AEC300_1_N001,LMP,93.0,106
2022-09-19T08:00:00-00:00,2022-09-19T09:00:00-00:00,2022-09-19,2,AEC300_1_N001,LMP,97.54631,106
2022-09-19T09:00:00-00:00,2022-09-19T10:00:00-00:00,2022-09-19,3,AEC300_1_N001,LMP,89.27724,106
2022-09-19T10:00:00-00:00,2022-09-19T11:00:00-00:00,2022-09-19,4,AEC300_1_N001,LMP,97.97803,106
2022-09-19T11:00:00-00:00,2022-09-19T12:00:00-00:00,2022-09-19,5,AEC300_1_N001,LMP,71.73193,106
2022-09-19T12:00:00-00:00,2022-09-19T13:00:00-00:00,2022-09-19,6,AEC300_1_N001,LMP,81.23795,106
2022-09-19T13:00:00-00:00,2022-09-19T14:00:00-00:00,2022-09-19,7,AEC300_1_N001,LMP,88.88483,106
2022-09-19T14:00:00-00:00,2022-09-19T15:00:00-00:00,2022-09-19,8,AEC300_1_N001,LMP,103.97489,106
2022-09-19T15:00:00-00:00,2022-09-19T16:00:00-00:00,2022-09-19,9,AEC300_1_N001,LMP,96.61855,106
2022-09-19T16:00:00-00:00,2022-09-19T17:00:00-00:00,2022-09-19,10,AEC300_1_N001,LMP,109.0,106
2022-09-19T17:00:00-00:00,2022-09-19T18:00:00-00:00,2022-09-19,11,AEC300_1_N001,LMP,102.90408,106
2022-09-19T18:00:00-00:00,2022-09-19T19:00:00-00:00,2022-09-19,12,AEC300_1_N001,LMP,72.06871,106
2022-09-19T19:00:00-00:00,2022-09-19T20:00:00-00:00,2022-09-19,13,AEC300_1_N001,LMP,75.37545,106
2022-09-19T20:00:00-00:00,2022-09-19T21:00:00-00:00,2022-09-19,14,AEC300_1_N001,LMP,69.63975,106
2022-09-19T21:00:00-00:00,2022-09-19T22:00:00-00:00,2022-09-19,15,AEC300_1_N001,LMP,72.10928,106
2022-09-19T22:00:00-00:00,2022-09-19T23:00:00-00:00,2022-09-19,16,AEC300_1_N001,LMP,72.84587,106
2022-09-19T23:00:00-00:00,2022-09-20T00:00:00-00:00,2022-09-19,17,AEC300_1_N001,LMP,81.94815,106
2022-09-20T00:00:00-00:00,2022-09-20T01:00:00-00:00,2022-09-19,18,AEC300_1_N001,LMP,84.58977,106
2022-09-20T01:00:00-00:00,2022-09-20T02:00:00-00:00,2022-09-19,19,AEC300_1_N001,LMP,99.0183,106
2022-09-20T02:00:00-00:00,2022-09-20T03:00:00-00:00,2022-09-19,20,AEC300_1_N001,LMP,99.2983,106
2022-09-20T03:00:00-00:00,2022-09-20T04:00:00-00:00,2022-09-19,21,AEC300_1_N001,LMP,91.17881,106
2022-09-20T04:00:00-00:00,2022-09-20T05:00:00-00:00,2022-09-19,22,AEC300_1_N001,LMP,86.0892,106
2022-09-20T05:00:00-00:00,2022-09-20T06:00:00-00:00,2022-09-19,23,AEC300_1_N001,LMP,82.53786,106
2022-09-20T06:00:00-00:00,2022-09-20T07:00:00-00:00,2022-09-19,24,AEC300_1_N001,LMP,77.58165,106
2022-09-20T07:00:00-00:00,2022-09-20T08:00:00-00:00,2022-09-20,1,AEC300_1_N001,LMP,94.88,111
2022-09-20T08:00:00-00:00,2022-09-20T09:00:00-00:00,2022-09-20,2,AEC300_1_N001,LMP,74.35186,111
2022-09-20T09:00:00-00:00,2022-09-20T10:00:00-00:00,2022-09-20,3,AEC300_1_N001,LMP,71.62017,111
2022-09-20T10:00:00-00:00,2022-09-20T11:00:00-00:00,2022-09-20,4,AEC300_1_N001,LMP,69.62482,111
2022-09-20T11:00:00-00:00,2022-09-20T12:00:00-00:00,2022-09-20,5,AEC300_1_N001,LMP,71.35774,111
2022-09-20T12:00:00-00:00,2022-09-20T13:00:00-00:00,2022-09-20,6,AEC300_1_N001,LMP,77.35657,111
2022-09-20T13:00:00-00:00,2022-09-20T14:00:00-00:00,2022-09-20,7,AEC300_1_N001,LMP,83.96543,111
2022-09-20T14:00:00-00:00,2022-09-20T15:00:00-00:00,2022-09-20,8,AEC300_1_N001,LMP,91.20485,111
2022-09-20T15:00:00-00:00,2022-09-20T16:00:00-00:00,2022-09-20,9,AEC300_1_N001,LMP,86.93344,111
2022-09-20T16:00:00-00:00,2022-09-20T17:00:00-00:00,2022-09-20,10,AEC300_1_N001,LMP,89.34148,111
2022-09-20T17:00:00-00:00,2022-09-20T18:00:00-00:00,2022-09-20,11,AEC300_1_N001,LMP,71.45323,111
2022-09-20T18:00:00-00:00,2022-09-20T19:00:00-00:00,2022-09-20,12,AEC300_1_N001,LMP,74.0541,111
2022-09-20T19:00:00-00:00,2022-09-20T20:00:00-00:00,2022-09-20,13,AEC300_1_N001,LMP,75.11782,111
2022-09-20T20:00:00-00:00,2022-09-20T21:00:00-00:00,2022-09-20,14,AEC300_1_N001,LMP,68.6177,111
2022-09-20T21:00:00-00:00,2022-09-20T22:00:00-00:00,2022-09-20,15,AEC300_1_N001,LMP,83.11889,111
2022-09-20T22:00:00-00:00,2022-09-20T23:00:00-00:00,2022-09-20,16,AEC300_1_N001,LMP,71.84649,111
2022-09-20T23:00:00-00:00,2022-09-21T00:00:00-00:00,2022-09-20,17,AEC300_1_N001,LMP,89.61022,111
2022-09-21T00:00:00-00:00,2022-09-21T01:00:00-00:00,2022-09-20,18,AEC300_1_N001,LMP,81.34572,111
2022-09-21T01:00:00-00:00,2022-09-21T02:00:00-00:00,2022-09-20,19,AEC300_1_N001,LMP,95.73835,111
2022-09-21T02:00:00-00:00,2022-09-21T03:00:00-00:00,2022-09-20,20,AEC300_1_N001,LMP,96.21592,111
2022-09-21T03:00:00-00:00,2022-09-21T04:00:00-00:00,2022-09-20,21,AEC300_1_N001,LMP,88.45817,111
2022-09-21T04:00:00-00:00,2022-09-21T05:00:00-00:00,2022-09-20,22,AEC300_1_N001,LMP,83.24074,111
2022-09-21T05:00:00-00:00,2022-09-21T06:00:00-00:00,2022-09-20,23,AEC300_1_N001,LMP,84.66032,111
2022-09-21T06:00:00-00:00,2022-09-21T07:00:00-00:00,2022-09-20,24,AEC300_1_N001,LMP,76.88971,111
2022-09-21T07:00:00-00:00,2022-09-21T08:00:00-00:00,2022-09-21,1,AEC300_1_N001,LMP,87.18621,116
2022-09-21T08:00:00-00:00,2022-09-21T09:00:00-00:00,2022-09-21,2,AEC300_1_N001,LMP,78.78422,116
2022-09-21T09:00:00-00:00,2022-09-21T10:00:00-00:00,2022-09-21,3,AEC300_1_N001,LMP,73.40916,116
2022-09-21T10:00:00-00:00,2022-09-21T11:00:00-00:00,2022-09-21,4,AEC300_1_N001,LMP,73.451,116
2022-09-21T11:00:00-00:00,2022-09-21T12:00:00-00:00,2022-09-21,5,AEC300_1_N001,LMP,76.72284,116
2022-09-21T12:00:00-00:00,2022-09-21T13:00:00-00:00,2022-09-21,6,AEC300_1_N001,LMP,87.54827,116
2022-09-21T13:00:00-00:00,2022-09-21T14:00:00-00:00,2022-09-21,7,AEC300_1_N001,LMP,92.65999,116
2022-09-21T14:00:00-00:00,2022-09-21T15:00:00-00:00,2022-09-21,8,AEC300_1_N001,LMP,82.73162,116
2022-09-21T15:00:00-00:00,2022-09-21T16:00:00-00:00,2022-09-21,9,AEC300_1_N001,LMP,72.76535,116
2022-09-21T16:00:00-00:00,2022-09-21T17:00:00-00:00,2022-09-21,10,AEC300_1_N001,LMP,68.11525,116
2022-09-21T17:00:00-00:00,2022-09-21T18:00:00-00:00,2022-09-21,11,AEC300_1_N001,LMP,69.67689,116
2022-09-21T18:00:00-00:00,2022-09-21T19:00:00-00:00,2022-09-21,12,AEC300_1_N001,LMP,65.05376,116
2022-09-21T19:00:00-00:00,2022-09-21T20:00:00-00:00,2022-09-21,13,AEC300_1_N001,LMP,66.40051,116
2022-09-21T20:00:00-00:00,2022-09-21T21:00:00-00:00,2022-09-21,14,AEC300_1_N001,LMP,67.68339,116
2022-09-21T21:00:00-00:00,2022-09-21T22:00:00-00:00,2022-09-21,15,AEC300_1_N001,LMP,70.88544,116
2022-09-21T22:00:00-00:00,2022-09-21T23:00:00-00:00,2022-09-21,16,AEC300_1_N001,LMP,88.09379,116
2022-09-21T23:00:00-00:00,2022-09-22T00:00:00-00:00,2022-09-21,17,AEC300_1_N001,LMP,113.53769,116
2022-09-22T00:00:00-00:00,2022-09-22T01:00:00-00:00,2022-09-21,18,AEC300_1_N001,LMP,85.76324,116
2022-09-22T01:00:00-00:00,2022-09-22T02:00:00-00:00,2022-09-21,19,AEC300_1_N001,LMP,101.73304,116
2022-09-22T02:00:00-00:00,2022-09-22T03:00:00-00:00,2022-09-21,20,AEC300_1_N001,LMP,100.71429,116
2022-09-22T03:00:00-00:00,2022-09-22T04:00:00-00:00,2022-09-21,21,AEC300_1_N001,LMP,146.84612,116
2022-09-22T04:00:00-00:00,2022-09-22T05:00:00-00:00,2022-09-21,22,AEC300_1_N001,LMP,91.15129,116
2022-09-22T05:00:00-00:00,2022-09-22T06:00:00-00:00,2022-09-21,23,AEC300_1_N001,LMP,79.18563,116
2022-09-22T06:00:00-00:00,2022-09-22T07:00:00-00:00,2022-09-21,24,AEC300_1_N001,LMP,74.62151,116
2022-09-22T07:00:00-00:00,2022-09-22T08:00:00-00:00,2022-09-22,1,AEC300_1_N001,LMP,78.81435,121
2022-09-22T08:00:00-00:00,2022-09-22T09:00:00-00:00,2022-09-22,2,AEC300_1_N001,LMP,68.20278,121
2022-09-22T09:00:00-00:00,2022-09-22T10:00:00-00:00,2022-09-22,3,AEC300_1_N001,LMP,67.61394,121
2022-09-22T10:00:00-00:00,2022-09-22T11:00:00-00:00,2022-09-22,4,AEC300_1_N001,LMP,67.58459,121
2022-09-22T11:00:00-00:00,2022-09-22T12:00:00-00:00,2022-09-22,5,AEC300_1_N001,LMP,67.92569,121
2022-09-22T12:00:00-00:00,2022-09-22T13:00:00-00:00,2022-09-22,6,AEC300_1_N001,LMP,75.45911,121
2022-09-22T13:00:00-00:00,2022-09-22T14:00:00-00:00,2022-09-22,7,AEC300_1_N001,LMP,84.31631,121
2022-09-22T14:00:00-00:00,2022-09-22T15:00:00-00:00,2022-09-22,8,AEC300_1_N001,LMP,70.01354,121
2022-09-22T15:00:00-00:00,2022-09-22T16:00:00-00:00,2022-09-22,9,AEC300_1_N001,LMP,96.95482,121
2022-09-22T16:00:00-00:00,2022-09-22T17:00:00-00:00,2022-09-22,10,AEC300_1_N001,LMP,69.2557,121
2022-09-22T17:00:00-00:00,2022-09-22T18:00:00-00:00,2022-09-22,11,AEC300_1_N001,LMP,56.85484,121
2022-09-22T18:00:00-00:00,2022-09-22T19:00:00-00:00,2022-09-22,12,AEC300_1_N001,LMP,55.13659,121
2022-09-22T19:00:00-00:00,2022-09-22T20:00:00-00:00,2022-09-22,13,AEC300_1_N001,LMP,58.077,121
2022-09-22T20:00:00-00:00,2022-09-22T21:00:00-00:00,2022-09-22,14,AEC300_1_N001,LMP,61.72854,121
2022-09-22T21:00:00-00:00,2022-09-22T22:00:00-00:00,2022-09-22,15,AEC300_1_N001,LMP,65.43876,121
2022-09-22T22:00:00-00:00,2022-09-22T23:00:00-00:00,2022-09-22,16,AEC300_1_N001,LMP,80.57616,121
2022-09-22T23:00:00-00:00,2022-09-23T00:00:00-00:00,2022-09-22,17,AEC300_1_N001,LMP,110.58519,121
2022-09-23T00:00:00-00:00,2022-09-23T01:00:00-00:00,2022-09-22,18,AEC300_1_N001,LMP,86.6206,121
2022-09-23T01:00:00-00:00,2022-09-23T02:00:00-00:00,2022-09-22,19,AEC300_1_N001,LMP,111.6444,121
2022-09-23T02:00:00-00:00,2022-09-23T03:00:00-00:00,2022-09-22,20,AEC300_1_N001,LMP,105.52814,121
2022-09-23T03:00:00-00:00,2022-09-23T04:00:00-00:00,2022-09-22,21,AEC300_1_N001,LMP,90.82259,121
2022-09-23T04:00:00-00:00,2022-09-23T05:00:00-00:00,2022-09-22,22,AEC300_1_N001,LMP,86.41291,121
2022-09-23T05:00:00-00:00,2022-09-23T06:00:00-00:00,2022-09-22,23,AEC300_1_N001,LMP,81.64215,121
2022-09-23T06:00:00-00:00,2022-09-23T07:00:00-00:00,2022-09-22,24,AEC300_1_N001,LMP,79.41625,121
2022-09-23T07:00:00-00:00,2022-09-23T08:00:00-00:00,2022-09-23,1,AEC300_1_N001,LMP,87.41591,126
2022-09-23T08:00:00-00:00,2022-09-23T09:00:00-00:00,2022-09-23,2,AEC300_1_N001,LMP,71.00887,126
2022-09-23T09:00:00-00:00,2022-09-23T10:00:00-00:00,2022-09-23,3,AEC300_1_N001,LMP,66.20554,126
2022-09-23T10:00:00-00:00,2022-09-23T11:00:00-00:00,2022-09-23,4,AEC300_1_N001,LMP,66.18298,126
2022-09-23T11:00:00-00:00,2022-09-23T12:00:00-00:00,2022-09-23,5,AEC300_1_N001,LMP,67.22411,126
2022-09-23T12:00:00-00:00,2022-09-23T13:00:00-00:00,2022-09-23,6,AEC300_1_N001,LMP,75.20547,126
2022-09-23T13:00:00-00:00,2022-09-23T14:00:00-00:00,2022-09-23,7,AEC300_1_N001,LMP,80.82751,126
2022-09-23T14:00:00-00:00,2022-09-23T15:00:00-00:00,2022-09-23,8,AEC300_1_N001,LMP,76.76989,126
2022-09-23T15:00:00-00:00,2022-09-23T16:00:00-00:00,2022-09-23,9,AEC300_1_N001,LMP,85.9075,126
2022-09-23T16:00:00-00:00,2022-09-23T17:00:00-00:00,2022-09-23,10,AEC300_1_N001,LMP,88.89563,126
2022-09-23T17:00:00-00:00,2022-09-23T18:00:00-00:00,2022-09-23,11,AEC300_1_N001,LMP,65.09218,126
2022-09-23T18:00:00-00:00,2022-09-23T19:00:00-00:00,2022-09-23,12,AEC300_1_N001,LMP,63.90147,126
2022-09-23T19:00:00-00:00,2022-09-23T20:00:00-00:00,2022-09-23,13,AEC300_1_N001,LMP,85.22036,126
2022-09-23T20:00:00-00:00,2022-09-23T21:00:00-00:00,2022-09-23,14,AEC300_1_N001,LMP,65.00189,126
2022-09-23T21:00:00-00:00,2022-09-23T22:00:00-00:00,2022-09-23,15,AEC300_1_N001,LMP,131.89352,126
2022-09-23T22:00:00-00:00,2022-09-23T23:00:00-00:00,2022-09-23,16,AEC300_1_N001,LMP,72.91688,126
2022-09-23T23:00:00-00:00,2022-09-24T00:00:00-00:00,2022-09-23,17,AEC300_1_N001,LMP,77.17442,126
2022-09-24T00:00:00-00:00,2022-09-24T01:00:00-00:00,2022-09-23,18,AEC300_1_N001,LMP,95.70815,126
2022-09-24T01:00:00-00:00,2022-09-24T02:00:00-00:00,2022-09-23,19,AEC300_1_N001,LMP,121.83189,126
2022-09-24T02:00:00-00:00,2022-09-24T03:00:00-00:00,2022-09-23,20,AEC300_1_N001,LMP,106.6267,126
2022-09-24T03:00:00-00:00,2022-09-24T04:00:00-00:00,2022-09-23,21,AEC300_1_N001,LMP,93.75,126
2022-09-24T04:00:00-00:00,2022-09-24T05:00:00-00:00,2022-09-23,22,AEC300_1_N001,LMP,87.34388,126
2022-09-24T05:00:00-00:00,2022-09-24T06:00:00-00:00,2022-09-23,23,AEC300_1_N001,LMP,82.21538,126
2022-09-24T06:00:00-00:00,2022-09-24T07:00:00-00:00,2022-09-23,24,AEC300_1_N001,LMP,79.66764,126
2022-09-24T07:00:00-00:00,2022-09-24T08:00:00-00:00,2022-09-24,1,AEC300_1_N001,LMP,67.80029,131
2022-09-24T08:00:00-00:00,2022-09-24T09:00:00-00:00,2022-09-24,2,AEC300_1_N001,LMP,66.59388,131
2022-09-24T09:00:00-00:00,2022-09-24T10:00:00-00:00,2022-09-24,3,AEC300_1_N001,LMP,67.23078,131
2022-09-24T10:00:00-00:00,2022-09-24T11:00:00-00:00,2022-09-24,4,AEC300_1_N001,LMP,65.07359,131
2022-09-24T11:00:00-00:00,2022-09-24T12:00:00-00:00,2022-09-24,5,AEC300_1_N001,LMP,65.66561,131
2022-09-24T12:00:00-00:00,2022-09-24T13:00:00-00:00,2022-09-24,6,AEC300_1_N001,LMP,67.57772,131
2022-09-24T13:00:00-00:00,2022-09-24T14:00:00-00:00,2022-09-24,7,AEC300_1_N001,LMP,68.19645,131
2022-09-24T14:00:00-00:00,2022-09-24T15:00:00-00:00,2022-09-24,8,AEC300_1_N001,LMP,75.63141,131
2022-09-24T15:00:00-00:00,2022-09-24T16:00:00-00:00,2022-09-24,9,AEC300_1_N001,LMP,82.03119,131
2022-09-24T16:00:00-00:00,2022-09-24T17:00:00-00:00,2022-09-24,10,AEC300_1_N001,LMP,43.69372,131
2022-09-24T17:00:00-00:00,2022-09-24T18:00:00-00:00,2022-09-24,11,AEC300_1_N001,LMP,43.84931,131
2022-09-24T18:00:00-00:00,2022-09-24T19:00:00-00:00,2022-09-24,12,AEC300_1_N001,LMP,46.95786,131
2022-09-24T19:00:00-00:00,2022-09-24T20:00:00-00:00,2022-09-24,13,AEC300_1_N001,LMP,50.6284,131
2022-09-24T20:00:00-00:00,2022-09-24T21:00:00-00:00,2022-09-24,14,AEC300_1_N001,LMP,56.08348,131
2022-09-24T21:00:00-00:00,2022-09-24T22:00:00-00:00,2022-09-24,15,AEC300_1_N001,LMP,75.46,131
2022-09-24T22:00:00-00:00,2022-09-24T23:00:00-00:00,2022-09-24,16,AEC300_1_N001,LMP,66.82,131
2022-09-24T23:00:00-00:00,2022-09-25T00:00:00-00:00,2022-09-24,17,AEC300_1_N001,LMP,72.71249,131
2022-09-25T00:00:00-00:00,2022-09-25T01:00:00-00:00,2022-09-24,18,AEC300_1_N001,LMP,88.74976,131
2022-09-25T01:00:00-00:00,2022-09-25T02:00:00-00:00,2022-09-24,19,AEC300_1_N001,LMP,122.04789,131
2022-09-25T02:00:00-00:00,2022-09-25T03:00:00-00:00,2022-09-24,20,AEC300_1_N001,LMP,99.48786,131
2022-09-25T03:00:00-00:00,2022-09-25T04:00:00-00:00,2022-09-24,21,AEC300_1_N001,LMP,87.53791,131
2022-09-25T04:00:00-00:00,2022-09-25T05:00:00-00:00,2022-09-24,22,AEC300_1_N001,LMP,78.44716,131
2022-09-25T05:00:00-00:00,2022-09-25T06:00:00-00:00,2022-09-24,23,AEC300_1_N001,LMP,75.91281,131
2022-09-25T06:00:00-00:00,2022-09-25T07:00:00-00:00,2022-09-24,24,AEC300_1_N001,LMP,71.52768,131
2022-09-25T07:00:00-00:00,2022-09-25T08:00:00-00:00,2022-09-25,1,AEC300_1_N001,LMP,72.6994,136
2022-09-25T08:00:00-00:00,2022-09-25T09:00:00-00:00,2022-09-25,2,AEC300_1_N001,LMP,68.03369,136
2022-09-25T09:00:00-00:00,2022-09-25T10:00:00-00:00,2022-09-25,3,AEC300_1_N001,LMP,68.37408,136
2022-09-25T10:00:00-00:00,2022-09-25T11:00:00-00:00,2022-09-25,4,AEC300_1_N001,LMP,68.36054,136
2022-09-25T11:00:00-00:00,2022-09-25T12:00:00-00:00,2022-09-25,5,AEC300_1_N001,LMP,67.91531,136
2022-09-25T12:00:00-00:00,2022-09-25T13:00:00-00:00,2022-09-25,6,AEC300_1_N001,LMP,66.20106,136
2022-09-25T13:00:00-00:00,2022-09-25T14:00:00-00:00,2022-09-25,7,AEC300_1_N001,LMP,66.8362,136
2022-09-25T14:00:00-00:00,2022-09-25T15:00:00-00:00,2022-09-25,8,AEC300_1_N001,LMP,61.81118,136
2022-09-25T15:00:00-00:00,2022-09-25T16:00:00-00:00,2022-09-25,9,AEC300_1_N001,LMP,62.4011,136
2022-09-25T16:00:00-00:00,2022-09-25T17:00:00-00:00,2022-09-25,10,AEC300_1_N001,LMP,42.51286,136
2022-09-25T17:00:00-00:00,2022-09-25T18:00:00-00:00,2022-09-25,11,AEC300_1_N001,LMP,42.92686,136
2022-09-25T18:00:00-00:00,2022-09-25T19:00:00-00:00,2022-09-25,12,AEC300_1_N001,LMP,49.48771,136
2022-09-25T19:00:00-00:00,2022-09-25T20:00:00-00:00,2022-09-25,13,AEC300_1_N001,LMP,55.74277,136
2022-09-25T20:00:00-00:00,2022-09-25T21:00:00-00:00,2022-09-25,14,AEC300_1_N001,LMP,62.03999,136
2022-09-25T21:00:00-00:00,2022-09-25T22:00:00-00:00,2022-09-25,15,AEC300_1_N001,LMP,72.92701,136
2022-09-25T22:00:00-00:00,2022-09-25T23:00:00-00:00,2022-09-25,16,AEC300_1_N001,LMP,70.22356,136
2022-09-25T23:00:00-00:00,2022-09-26T00:00:00-00:00,2022-09-25,17,AEC300_1_N001,LMP,78.57986,136
2022-09-26T00:00:00-00:00,2022-09-26T01:00:00-00:00,2022-09-25,18,AEC300_1_N001,LMP,99.81809,136
2022-09-26T01:00:00-00:00,2022-09-26T02:00:00-00:00,2022-09-25,19,AEC300_1_N001,LMP,180.0,136
2022-09-26T02:00:00-00:00,2022-09-26T03:00:00-00:00,2022-09-25,20,AEC300_1_N001,LMP,180.0,136
2022-09-26T03:00:00-00:00,2022-09-26T04:00:00-00:00,2022-09-25,21,AEC300_1_N001,LMP,95.28973,136
2022-09-26T04:00:00-00:00,2022-09-26T05:00:00-00:00,2022-09-25,22,AEC300_1_N001,LMP,88.35492,136
2022-09-26T05:00:00-00:00,2022-09-26T06:00:00-00:00,2022-09-25,23,AEC300_1_N001,LMP,81.56268,136
2022-09-26T06:00:00-00:00,2022-09-26T07:00:00-00:00,2022-09-25,24,AEC300_1_N001,LMP,75.48886,136
2022-09-26T07:00:00-00:00,2022-09-26T08:00:00-00:00,2022-09-26,1,AEC300_1_N001,LMP,69.64742,141
2022-09-26T08:00:00-00:00,2022-09-26T09:00:00-00:00,2022-09-26,2,AEC300_1_N001,LMP,69.43494,141
2022-09-26T09:00:00-00:00,2022-09-26T10:00:00-00:00,2022-09-26,3,AEC300_1_N001,LMP,66.06474,141
2022-09-26T10:00:00-00:00,2022-09-26T11:00:00-00:00,2022-09-26,4,AEC300_1_N001,LMP,65.75936,141
2022-09-26T11:00:00-00:00,2022-09-26T12:00:00-00:00,2022-09-26,5,AEC300_1_N001,LMP,65.98363,141
2022-09-26T12:00:00-00:00,2022-09-26T13:00:00-00:00,2022-09-26,6,AEC300_1_N001,LMP,72.10183,141
2022-09-26T13:00:00-00:00,2022-09-26T14:00:00-00:00,2022-09-26,7,AEC300_1_N001,LMP,80.79508,141
2022-09-26T14:00:00-00:00,2022-09-26T15:00:00-00:00,2022-09-26,8,AEC300_1_N001,LMP,76.48279,141
2022-09-26T15:00:00-00:00,2022-09-26T16:00:00-00:00,2022-09-26,9,AEC300_1_N001,LMP,71.74904,141
2022-09-26T16:00:00-00:00,2022-09-26T17:00:00-00:00,2022-09-26,10,AEC300_1_N001,LMP,58.76239,141
2022-09-26T17:00:00-00:00,2022-09-26T18:00:00-00:00,2022-09-26,11,AEC300_1_N001,LMP,60.14454,141
2022-09-26T18:00:00-00:00,2022-09-26T19:00:00-00:00,2022-09-26,12,AEC300_1_N001,LMP,61.21234,141
2022-09-26T19:00:00-00:00,2022-09-26T20:00:00-00:00,2022-09-26,13,AEC300_1_N001,LMP,66.09161,141
2022-09-26T20:00:00-00:00,2022-09-26T21:00:00-00:00,2022-09-26,14,AEC300_1_N001,LMP,73.88547,141
2022-09-26T21:00:00-00:00,2022-09-26T22:00:00-00:00,2022-09-26,15,AEC300_1_N001,LMP,74.10576,141
2022-09-26T22:00:00-00:00,2022-09-26T23:00:00-00:00,2022-09-26,16,AEC300_1_N001,LMP,90.68966,141
2022-09-26T23:00:00-00:00,2022-09-27T00:00:00-00:00,2022-09-26,17,AEC300_1_N001,LMP,104.21872,141
2022-09-27T00:00:00-00:00,2022-09-27T01:00:00-00:00,2022-09-26,18,AEC300_1_N001,LMP,125.28087,141
2022-09-27T01:00:00-00:00,2022-09-27T02:00:00-00:00,2022-09-26,19,AEC300_1_N001,LMP,450.0,141
2022-09-27T02:00:00-00:00,2022-09-27T03:00:00-00:00,2022-09-26,20,AEC300_1_N001,LMP,180.0,141
2022-09-27T03:00:00-00:00,2022-09-27T04:00:00-00:00,2022-09-26,21,AEC300_1_N001,LMP,105.85114,141
2022-09-27T04:00:00-00:00,2022-09-27T05:00:00-00:00,2022-09-26,22,AEC300_1_N001,LMP,92.4629,141
2022-09-27T05:00:00-00:00,2022-09-27T06:00:00-00:00,2022-09-26,23,AEC300_1_N001,LMP,84.31062,141
2022-09-27T06:00:00-00:00,2022-09-27T07:00:00-00:00,2022-09-26,24,AEC300_1_N001,LMP,75.41586,141
