INTERVALSTARTTIME_GMT,INTERVALENDTIME_GMT,OPR_DT,OPR_HR,NODE_ID,LMP_TYPE,MW,GROUP
2022-01-31T08:00:00-00:00,2022-01-31T09:00:00-00:00,2022-01-31,1,AEC300_1_N001,LMP,47.85675,1
2022-01-31T09:00:00-00:00,2022-01-31T10:00:00-00:00,2022-01-31,2,AEC300_1_N001,LMP,46.92082,1
2022-01-31T10:00:00-00:00,2022-01-31T11:00:00-00:00,2022-01-31,3,AEC300_1_N001,LMP,46.46765,1
2022-01-31T11:00:00-00:00,2022-01-31T12:00:00-00:00,2022-01-31,4,AEC300_1_N001,LMP,46.62541,1
2022-01-31T12:00:00-00:00,2022-01-31T13:00:00-00:00,2022-01-31,5,AEC300_1_N001,LMP,48.30536,1
2022-01-31T13:00:00-00:00,2022-01-31T14:00:00-00:00,2022-01-31,6,AEC300_1_N001,LMP,57.22084,1
2022-01-31T14:00:00-00:00,2022-01-31T15:00:00-00:00,2022-01-31,7,AEC300_1_N001,LMP,73.31832,1
2022-01-31T15:00:00-00:00,2022-01-31T16:00:00-00:00,2022-01-31,8,AEC300_1_N001,LMP,69.91781,1
2022-01-31T16:00:00-00:00,2022-01-31T17:00:00-00:00,2022-01-31,9,AEC300_1_N001,LMP,54.21019,1
2022-01-31T17:00:00-00:00,2022-01-31T18:00:00-00:00,2022-01-31,10,AEC300_1_N001,LMP,49.34504,1
2022-01-31T18:00:00-00:00,2022-01-31T19:00:00-00:00,2022-01-31,11,AEC300_1_N001,LMP,46.07623,1
2022-01-31T19:00:00-00:00,2022-01-31T20:00:00-00:00,2022-01-31,12,AEC300_1_N001,LMP,43.44519,1
2022-01-31T20:00:00-00:00,2022-01-31T21:00:00-00:00,2022-01-31,13,AEC300_1_N001,LMP,40.54462,1
2022-01-31T21:00:00-00:00,2022-01-31T22:00:00-00:00,2022-01-31,14,AEC300_1_N001,LMP,37.87907,1
2022-01-31T22:00:00-00:00,2022-01-31T23:00:00-00:00,2022-01-31,15,AEC300_1_N001,LMP,39.16259,1
2022-01-31T23:00:00-00:00,2022-02-01T00:00:00-00:00,2022-01-31,16,AEC300_1_N001,LMP,47.21108,1
2022-02-01T00:00:00-00:00,2022-02-01T01:00:00-00:00,2022-01-31,17,AEC300_1_N001,LMP,57.66414,1
2022-02-01T01:00:00-00:00,2022-02-01T02:00:00-00:00,2022-01-31,18,AEC300_1_N001,LMP,78.17452,1
2022-02-01T02:00:00-00:00,2022-02-01T03:00:00-00:00,2022-01-31,19,AEC300_1_N001,LMP,75.47323,1
2022-02-01T03:00:00-00:00,2022-02-01T04:00:00-00:00,2022-01-31,20,AEC300_1_N001,LMP,66.32651,1
2022-02-01T04:00:00-00:00,2022-02-01T05:00:00-00:00,2022-01-31,21,AEC300_1_N001,LMP,61.27885,1
2022-02-01T05:00:00-00:00,2022-02-01T06:00:00-00:00,2022-01-31,22,AEC300_1_N001,LMP,56.04801,1
2022-02-01T06:00:00-00:00,2022-02-01T07:00:00-00:00,2022-01-31,23,AEC300_1_N001,LMP,52.98226,1
2022-02-01T07:00:00-00:00,2022-02-01T08:00:00-00:00,2022-01-31,24,AEC300_1_N001,LMP,49.89212,1
2022-02-01T08:00:00-00:00,2022-02-01T09:00:00-00:00,2022-02-01,1,AEC300_1_N001,LMP,50.2133,6
2022-02-01T09:00:00-00:00,2022-02-01T10:00:00-00:00,2022-02-01,2,AEC300_1_N001,LMP,49.00021,6
2022-02-01T10:00:00-00:00,2022-02-01T11:00:00-00:00,2022-02-01,3,AEC300_1_N001,LMP,48.37288,6
2022-02-01T11:00:00-00:00,2022-02-01T12:00:00-00:00,2022-02-01,4,AEC300_1_N001,LMP,48.53452,6
2022-02-01T12:00:00-00:00,2022-02-01T13:00:00-00:00,2022-02-01,5,AEC300_1_N001,LMP,48.79939,6
2022-02-01T13:00:00-00:00,2022-02-01T14:00:00-00:00,2022-02-01,6,AEC300_1_N001,LMP,54.02883,6
2022-02-01T14:00:00-00:00,2022-02-01T15:00:00-00:00,2022-02-01,7,AEC300_1_N001,LMP,72.0,6
2022-02-01T15:00:00-00:00,2022-02-01T16:00:00-00:00,2022-02-01,8,AEC300_1_N001,LMP,74.63,6
2022-02-01T16:00:00-00:00,2022-02-01T17:00:00-00:00,2022-02-01,9,AEC300_1_N001,LMP,56.41272,6
2022-02-01T17:00:00-00:00,2022-02-01T18:00:00-00:00,2022-02-01,10,AEC300_1_N001,LMP,48.78694,6
2022-02-01T18:00:00-00:00,2022-02-01T19:00:00-00:00,2022-02-01,11,AEC300_1_N001,LMP,44.01006,6
2022-02-01T19:00:00-00:00,2022-02-01T20:00:00-00:00,2022-02-01,12,AEC300_1_N001,LMP,37.77566,6
2022-02-01T20:00:00-00:00,2022-02-01T21:00:00-00:00,2022-02-01,13,AEC300_1_N001,LMP,33.92832,6
2022-02-01T21:00:00-00:00,2022-02-01T22:00:00-00:00,2022-02-01,14,AEC300_1_N001,LMP,31.36141,6
2022-02-01T22:00:00-00:00,2022-02-01T23:00:00-00:00,2022-02-01,15,AEC300_1_N001,LMP,33.71677,6
2022-02-01T23:00:00-00:00,2022-02-02T00:00:00-00:00,2022-02-01,16,AEC300_1_N001,LMP,44.33738,6
2022-02-02T00:00:00-00:00,2022-02-02T01:00:00-00:00,2022-02-01,17,AEC300_1_N001,LMP,59.89913,6
2022-02-02T01:00:00-00:00,2022-02-02T02:00:00-00:00,2022-02-01,18,AEC300_1_N001,LMP,78.49907,6
2022-02-02T02:00:00-00:00,2022-02-02T03:00:00-00:00,2022-02-01,19,AEC300_1_N001,LMP,77.70601,6
2022-02-02T03:00:00-00:00,2022-02-02T04:00:00-00:00,2022-02-01,20,AEC300_1_N001,LMP,71.82916,6
2022-02-02T04:00:00-00:00,2022-02-02T05:00:00-00:00,2022-02-01,21,AEC300_1_N001,LMP,70.74051,6
2022-02-02T05:00:00-00:00,2022-02-02T06:00:00-00:00,2022-02-01,22,AEC300_1_N001,LMP,64.74334,6
2022-02-02T06:00:00-00:00,2022-02-02T07:00:00-00:00,2022-02-01,23,AEC300_1_N001,LMP,53.11578,6
2022-02-02T07:00:00-00:00,2022-02-02T08:00:00-00:00,2022-02-01,24,AEC300_1_N001,LMP,51.91256,6
2022-02-02T08:00:00-00:00,2022-02-02T09:00:00-00:00,2022-02-02,1,AEC300_1_N001,LMP,58.99532,11
2022-02-02T09:00:00-00:00,2022-02-02T10:00:00-00:00,2022-02-02,2,AEC300_1_N001,LMP,57.40235,11
2022-02-02T10:00:00-00:00,2022-02-02T11:00:00-00:00,2022-02-02,3,AEC300_1_N001,LMP,56.8855,11
2022-02-02T11:00:00-00:00,2022-02-02T12:00:00-00:00,2022-02-02,4,AEC300_1_N001,LMP,56.92797,11
2022-02-02T12:00:00-00:00,2022-02-02T13:00:00-00:00,2022-02-02,5,AEC300_1_N001,LMP,58.65975,11
2022-02-02T13:00:00-00:00,2022-02-02T14:00:00-00:00,2022-02-02,6,AEC300_1_N001,LMP,65.91856,11
2022-02-02T14:00:00-00:00,2022-02-02T15:00:00-00:00,2022-02-02,7,AEC300_1_N001,LMP,84.88628,11
2022-02-02T15:00:00-00:00,2022-02-02T16:00:00-00:00,2022-02-02,8,AEC300_1_N001,LMP,88.79778,11
2022-02-02T16:00:00-00:00,2022-02-02T17:00:00-00:00,2022-02-02,9,AEC300_1_N001,LMP,55.86,11
2022-02-02T17:00:00-00:00,2022-02-02T18:00:00-00:00,2022-02-02,10,AEC300_1_N001,LMP,44.65921,11
2022-02-02T18:00:00-00:00,2022-02-02T19:00:00-00:00,2022-02-02,11,AEC300_1_N001,LMP,39.84905,11
2022-02-02T19:00:00-00:00,2022-02-02T20:00:00-00:00,2022-02-02,12,AEC300_1_N001,LMP,33.50201,11
2022-02-02T20:00:00-00:00,2022-02-02T21:00:00-00:00,2022-02-02,13,AEC300_1_N001,LMP,26.18627,11
2022-02-02T21:00:00-00:00,2022-02-02T22:00:00-00:00,2022-02-02,14,AEC300_1_N001,LMP,26.27811,11
2022-02-02T22:00:00-00:00,2022-02-02T23:00:00-00:00,2022-02-02,15,AEC300_1_N001,LMP,28.32785,11
2022-02-02T23:00:00-00:00,2022-02-03T00:00:00-00:00,2022-02-02,16,AEC300_1_N001,LMP,42.66805,11
2022-02-03T00:00:00-00:00,2022-02-03T01:00:00-00:00,2022-02-02,17,AEC300_1_N001,LMP,68.57436,11
2022-02-03T01:00:00-00:00,2022-02-03T02:00:00-00:00,2022-02-02,18,AEC300_1_N001,LMP,83.36059,11
2022-02-03T02:00:00-00:00,2022-02-03T03:00:00-00:00,2022-02-02,19,AEC300_1_N001,LMP,95.84,11
2022-02-03T03:00:00-00:00,2022-02-03T04:00:00-00:00,2022-02-02,20,AEC300_1_N001,LMP,84.78682,11
2022-02-03T04:00:00-00:00,2022-02-03T05:00:00-00:00,2022-02-02,21,AEC300_1_N001,LMP,78.38222,11
2022-02-03T05:00:00-00:00,2022-02-03T06:00:00-00:00,2022-02-02,22,AEC300_1_N001,LMP,72.2829,11
2022-02-03T06:00:00-00:00,2022-02-03T07:00:00-00:00,2022-02-02,23,AEC300_1_N001,LMP,60.43763,11
2022-02-03T07:00:00-00:00,2022-02-03T08:00:00-00:00,2022-02-02,24,AEC300_1_N001,LMP,57.05564,11
2022-02-03T08:00:00-00:00,2022-02-03T09:00:00-00:00,2022-02-03,1,AEC300_1_N001,LMP,65.15644,16
2022-02-03T09:00:00-00:00,2022-02-03T10:00:00-00:00,2022-02-03,2,AEC300_1_N001,LMP,63.97228,16
2022-02-03T10:00:00-00:00,2022-02-03T11:00:00-00:00,2022-02-03,3,AEC300_1_N001,LMP,62.98418,16
2022-02-03T11:00:00-00:00,2022-02-03T12:00:00-00:00,2022-02-03,4,AEC300_1_N001,LMP,63.33642,16
2022-02-03T12:00:00-00:00,2022-02-03T13:00:00-00:00,2022-02-03,5,AEC300_1_N001,LMP,66.02078,16
2022-02-03T13:00:00-00:00,2022-02-03T14:00:00-00:00,2022-02-03,6,AEC300_1_N001,LMP,72.92652,16
2022-02-03T14:00:00-00:00,2022-02-03T15:00:00-00:00,2022-02-03,7,AEC300_1_N001,LMP,105.28571,16
2022-02-03T15:00:00-00:00,2022-02-03T16:00:00-00:00,2022-02-03,8,AEC300_1_N001,LMP,89.85494,16
2022-02-03T16:00:00-00:00,2022-02-03T17:00:00-00:00,2022-02-03,9,AEC300_1_N001,LMP,67.09526,16
2022-02-03T17:00:00-00:00,2022-02-03T18:00:00-00:00,2022-02-03,10,AEC300_1_N001,LMP,51.05458,16
2022-02-03T18:00:00-00:00,2022-02-03T19:00:00-00:00,2022-02-03,11,AEC300_1_N001,LMP,47.58049,16
2022-02-03T19:00:00-00:00,2022-02-03T20:00:00-00:00,2022-02-03,12,AEC300_1_N001,LMP,38.1575,16
2022-02-03T20:00:00-00:00,2022-02-03T21:00:00-00:00,2022-02-03,13,AEC300_1_N001,LMP,37.3765,16
2022-02-03T21:00:00-00:00,2022-02-03T22:00:00-00:00,2022-02-03,14,AEC300_1_N001,LMP,36.95048,16
2022-02-03T22:00:00-00:00,2022-02-03T23:00:00-00:00,2022-02-03,15,AEC300_1_N001,LMP,39.19037,16
2022-02-03T23:00:00-00:00,2022-02-04T00:00:00-00:00,2022-02-03,16,AEC300_1_N001,LMP,53.584,16
2022-02-04T00:00:00-00:00,2022-02-04T01:00:00-00:00,2022-02-03,17,AEC300_1_N001,LMP,75.28342,16
2022-02-04T01:00:00-00:00,2022-02-04T02:00:00-00:00,2022-02-03,18,AEC300_1_N001,LMP,100.133,16
2022-02-04T02:00:00-00:00,2022-02-04T03:00:00-00:00,2022-02-03,19,AEC300_1_N001,LMP,113.37,16
2022-02-04T03:00:00-00:00,2022-02-04T04:00:00-00:00,2022-02-03,20,AEC300_1_N001,LMP,96.9365,16
2022-02-04T04:00:00-00:00,2022-02-04T05:00:00-00:00,2022-02-03,21,AEC300_1_N001,LMP,94.08648,16
2022-02-04T05:00:00-00:00,2022-02-04T06:00:00-00:00,2022-02-03,22,AEC300_1_N001,LMP,86.13129,16
2022-02-04T06:00:00-00:00,2022-02-04T07:00:00-00:00,2022-02-03,23,AEC300_1_N001,LMP,74.46934,16
2022-02-04T07:00:00-00:00,2022-02-04T08:00:00-00:00,2022-02-03,24,AEC300_1_N001,LMP,70.14642,16
2022-02-04T08:00:00-00:00,2022-02-04T09:00:00-00:00,2022-02-04,1,AEC300_1_N001,LMP,56.78624,21
2022-02-04T09:00:00-00:00,2022-02-04T10:00:00-00:00,2022-02-04,2,AEC300_1_N001,LMP,55.08361,21
2022-02-04T10:00:00-00:00,2022-02-04T11:00:00-00:00,2022-02-04,3,AEC300_1_N001,LMP,53.85116,21
2022-02-04T11:00:00-00:00,2022-02-04T12:00:00-00:00,2022-02-04,4,AEC300_1_N001,LMP,52.90417,21
2022-02-04T12:00:00-00:00,2022-02-04T13:00:00-00:00,2022-02-04,5,AEC300_1_N001,LMP,56.52735,21
2022-02-04T13:00:00-00:00,2022-02-04T14:00:00-00:00,2022-02-04,6,AEC300_1_N001,LMP,69.98095,21
2022-02-04T14:00:00-00:00,2022-02-04T15:00:00-00:00,2022-02-04,7,AEC300_1_N001,LMP,89.5036,21
2022-02-04T15:00:00-00:00,2022-02-04T16:00:00-00:00,2022-02-04,8,AEC300_1_N001,LMP,73.62315,21
2022-02-04T16:00:00-00:00,2022-02-04T17:00:00-00:00,2022-02-04,9,AEC300_1_N001,LMP,56.22855,21
2022-02-04T17:00:00-00:00,2022-02-04T18:00:00-00:00,2022-02-04,10,AEC300_1_N001,LMP,43.51579,21
2022-02-04T18:00:00-00:00,2022-02-04T19:00:00-00:00,2022-02-04,11,AEC300_1_N001,LMP,38.94712,21
2022-02-04T19:00:00-00:00,2022-02-04T20:00:00-00:00,2022-02-04,12,AEC300_1_N001,LMP,31.44836,21
2022-02-04T20:00:00-00:00,2022-02-04T21:00:00-00:00,2022-02-04,13,AEC300_1_N001,LMP,27.12399,21
2022-02-04T21:00:00-00:00,2022-02-04T22:00:00-00:00,2022-02-04,14,AEC300_1_N001,LMP,25.82641,21
2022-02-04T22:00:00-00:00,2022-02-04T23:00:00-00:00,2022-02-04,15,AEC300_1_N001,LMP,28.06307,21
2022-02-04T23:00:00-00:00,2022-02-05T00:00:00-00:00,2022-02-04,16,AEC300_1_N001,LMP,40.4159,21
2022-02-05T00:00:00-00:00,2022-02-05T01:00:00-00:00,2022-02-04,17,AEC300_1_N001,LMP,62.40472,21
2022-02-05T01:00:00-00:00,2022-02-05T02:00:00-00:00,2022-02-04,18,AEC300_1_N001,LMP,84.78514,21
2022-02-05T02:00:00-00:00,2022-02-05T03:00:00-00:00,2022-02-04,19,AEC300_1_N001,LMP,87.90739,21
2022-02-05T03:00:00-00:00,2022-02-05T04:00:00-00:00,2022-02-04,20,AEC300_1_N001,LMP,79.15795,21
2022-02-05T04:00:00-00:00,2022-02-05T05:00:00-00:00,2022-02-04,21,AEC300_1_N001,LMP,76.25192,21
2022-02-05T05:00:00-00:00,2022-02-05T06:00:00-00:00,2022-02-04,22,AEC300_1_N001,LMP,72.14792,21
2022-02-05T06:00:00-00:00,2022-02-05T07:00:00-00:00,2022-02-04,23,AEC300_1_N001,LMP,63.38036,21
2022-02-05T07:00:00-00:00,2022-02-05T08:00:00-00:00,2022-02-04,24,AEC300_1_N001,LMP,58.6853,21
2022-02-05T08:00:00-00:00,2022-02-05T09:00:00-00:00,2022-02-05,1,AEC300_1_N001,LMP,53.86405,26
2022-02-05T09:00:00-00:00,2022-02-05T10:00:00-00:00,2022-02-05,2,AEC300_1_N001,LMP,52.12764,26
2022-02-05T10:00:00-00:00,2022-02-05T11:00:00-00:00,2022-02-05,3,AEC300_1_N001,LMP,50.27408,26
2022-02-05T11:00:00-00:00,2022-02-05T12:00:00-00:00,2022-02-05,4,AEC300_1_N001,LMP,50.24184,26
2022-02-05T12:00:00-00:00,2022-02-05T13:00:00-00:00,2022-02-05,5,AEC300_1_N001,LMP,52.7605,26
2022-02-05T13:00:00-00:00,2022-02-05T14:00:00-00:00,2022-02-05,6,AEC300_1_N001,LMP,56.21368,26
2022-02-05T14:00:00-00:00,2022-02-05T15:00:00-00:00,2022-02-05,7,AEC300_1_N001,LMP,71.4311,26
2022-02-05T15:00:00-00:00,2022-02-05T16:00:00-00:00,2022-02-05,8,AEC300_1_N001,LMP,53.96018,26
2022-02-05T16:00:00-00:00,2022-02-05T17:00:00-00:00,2022-02-05,9,AEC300_1_N001,LMP,43.56965,26
2022-02-05T17:00:00-00:00,2022-02-05T18:00:00-00:00,2022-02-05,10,AEC300_1_N001,LMP,25.2863,26
2022-02-05T18:00:00-00:00,2022-02-05T19:00:00-00:00,2022-02-05,11,AEC300_1_N001,LMP,15.35923,26
2022-02-05T19:00:00-00:00,2022-02-05T20:00:00-00:00,2022-02-05,12,AEC300_1_N001,LMP,10.24361,26
2022-02-05T20:00:00-00:00,2022-02-05T21:00:00-00:00,2022-02-05,13,AEC300_1_N001,LMP,10.26676,26
2022-02-05T21:00:00-00:00,2022-02-05T22:00:00-00:00,2022-02-05,14,AEC300_1_N001,LMP,10.26026,26
2022-02-05T22:00:00-00:00,2022-02-05T23:00:00-00:00,2022-02-05,15,AEC300_1_N001,LMP,16.08161,26
2022-02-05T23:00:00-00:00,2022-02-06T00:00:00-00:00,2022-02-05,16,AEC300_1_N001,LMP,32.98501,26
2022-02-06T00:00:00-00:00,2022-02-06T01:00:00-00:00,2022-02-05,17,AEC300_1_N001,LMP,55.68129,26
2022-02-06T01:00:00-00:00,2022-02-06T02:00:00-00:00,2022-02-05,18,AEC300_1_N001,LMP,72.89159,26
2022-02-06T02:00:00-00:00,2022-02-06T03:00:00-00:00,2022-02-05,19,AEC300_1_N001,LMP,77.41936,26
2022-02-06T03:00:00-00:00,2022-02-06T04:00:00-00:00,2022-02-05,20,AEC300_1_N001,LMP,73.48449,26
2022-02-06T04:00:00-00:00,2022-02-06T05:00:00-00:00,2022-02-05,21,AEC300_1_N001,LMP,67.88761,26
2022-02-06T05:00:00-00:00,2022-02-06T06:00:00-00:00,2022-02-05,22,AEC300_1_N001,LMP,65.83463,26
2022-02-06T06:00:00-00:00,2022-02-06T07:00:00-00:00,2022-02-05,23,AEC300_1_N001,LMP,59.04219,26
2022-02-06T07:00:00-00:00,2022-02-06T08:00:00-00:00,2022-02-05,24,AEC300_1_N001,LMP,54.95799,26
2022-02-06T08:00:00-00:00,2022-02-06T09:00:00-00:00,2022-02-06,1,AEC300_1_N001,LMP,51.76947,31
2022-02-06T09:00:00-00:00,2022-02-06T10:00:00-00:00,2022-02-06,2,AEC300_1_N001,LMP,51.73869,31
2022-02-06T10:00:00-00:00,2022-02-06T11:00:00-00:00,2022-02-06,3,AEC300_1_N001,LMP,50.24662,31
2022-02-06T11:00:00-00:00,2022-02-06T12:00:00-00:00,2022-02-06,4,AEC300_1_N001,LMP,50.09672,31
2022-02-06T12:00:00-00:00,2022-02-06T13:00:00-00:00,2022-02-06,5,AEC300_1_N001,LMP,51.80637,31
2022-02-06T13:00:00-00:00,2022-02-06T14:00:00-00:00,2022-02-06,6,AEC300_1_N001,LMP,53.4067,31
2022-02-06T14:00:00-00:00,2022-02-06T15:00:00-00:00,2022-02-06,7,AEC300_1_N001,LMP,58.72056,31
2022-02-06T15:00:00-00:00,2022-02-06T16:00:00-00:00,2022-02-06,8,AEC300_1_N001,LMP,53.71405,31
2022-02-06T16:00:00-00:00,2022-02-06T17:00:00-00:00,2022-02-06,9,AEC300_1_N001,LMP,34.77294,31
2022-02-06T17:00:00-00:00,2022-02-06T18:00:00-00:00,2022-02-06,10,AEC300_1_N001,LMP,14.36374,31
2022-02-06T18:00:00-00:00,2022-02-06T19:00:00-00:00,2022-02-06,11,AEC300_1_N001,LMP,6.78623,31
2022-02-06T19:00:00-00:00,2022-02-06T20:00:00-00:00,2022-02-06,12,AEC300_1_N001,LMP,4.72454,31
2022-02-06T20:00:00-00:00,2022-02-06T21:00:00-00:00,2022-02-06,13,AEC300_1_N001,LMP,3.71417,31
2022-02-06T21:00:00-00:00,2022-02-06T22:00:00-00:00,2022-02-06,14,AEC300_1_N001,LMP,3.2532,31
2022-02-06T22:00:00-00:00,2022-02-06T23:00:00-00:00,2022-02-06,15,AEC300_1_N001,LMP,5.18498,31
2022-02-06T23:00:00-00:00,2022-02-07T00:00:00-00:00,2022-02-06,16,AEC300_1_N001,LMP,24.7271,31
2022-02-07T00:00:00-00:00,2022-02-07T01:00:00-00:00,2022-02-06,17,AEC300_1_N001,LMP,52.52095,31
2022-02-07T01:00:00-00:00,2022-02-07T02:00:00-00:00,2022-02-06,18,AEC300_1_N001,LMP,72.74114,31
2022-02-07T02:00:00-00:00,2022-02-07T03:00:00-00:00,2022-02-06,19,AEC300_1_N001,LMP,77.11848,31
2022-02-07T03:00:00-00:00,2022-02-07T04:00:00-00:00,2022-02-06,20,AEC300_1_N001,LMP,69.41112,31
2022-02-07T04:00:00-00:00,2022-02-07T05:00:00-00:00,2022-02-06,21,AEC300_1_N001,LMP,67.09819,31
2022-02-07T05:00:00-00:00,2022-02-07T06:00:00-00:00,2022-02-06,22,AEC300_1_N001,LMP,63.6932,31
2022-02-07T06:00:00-00:00,2022-02-07T07:00:00-00:00,2022-02-06,23,AEC300_1_N001,LMP,56.6229,31
2022-02-07T07:00:00-00:00,2022-02-07T08:00:00-00:00,2022-02-06,24,AEC300_1_N001,LMP,52.32406,31
2022-02-07T08:00:00-00:00,2022-02-07T09:00:00-00:00,2022-02-07,1,AEC300_1_N001,LMP,51.47102,36
2022-02-07T09:00:00-00:00,2022-02-07T10:00:00-00:00,2022-02-07,2,AEC300_1_N001,LMP,49.38131,36
2022-02-07T10:00:00-00:00,2022-02-07T11:00:00-00:00,2022-02-07,3,AEC300_1_N001,LMP,48.76422,36
2022-02-07T11:00:00-00:00,2022-02-07T12:00:00-00:00,2022-02-07,4,AEC300_1_N001,LMP,48.40541,36
2022-02-07T12:00:00-00:00,2022-02-07T13:00:00-00:00,2022-02-07,5,AEC300_1_N001,LMP,50.81731,36
2022-02-07T13:00:00-00:00,2022-02-07T14:00:00-00:00,2022-02-07,6,AEC300_1_N001,LMP,59.91471,36
2022-02-07T14:00:00-00:00,2022-02-07T15:00:00-00:00,2022-02-07,7,AEC300_1_N001,LMP,80.11716,36
2022-02-07T15:00:00-00:00,2022-02-07T16:00:00-00:00,2022-02-07,8,AEC300_1_N001,LMP,64.07653,36
2022-02-07T16:00:00-00:00,2022-02-07T17:00:00-00:00,2022-02-07,9,AEC300_1_N001,LMP,45.6618,36
2022-02-07T17:00:00-00:00,2022-02-07T18:00:00-00:00,2022-02-07,10,AEC300_1_N001,LMP,31.73947,36
2022-02-07T18:00:00-00:00,2022-02-07T19:00:00-00:00,2022-02-07,11,AEC300_1_N001,LMP,25.64076,36
2022-02-07T19:00:00-00:00,2022-02-07T20:00:00-00:00,2022-02-07,12,AEC300_1_N001,LMP,20.40267,36
2022-02-07T20:00:00-00:00,2022-02-07T21:00:00-00:00,2022-02-07,13,AEC300_1_N001,LMP,19.31026,36
2022-02-07T21:00:00-00:00,2022-02-07T22:00:00-00:00,2022-02-07,14,AEC300_1_N001,LMP,18.39827,36
2022-02-07T22:00:00-00:00,2022-02-07T23:00:00-00:00,2022-02-07,15,AEC300_1_N001,LMP,22.1604,36
2022-02-07T23:00:00-00:00,2022-02-08T00:00:00-00:00,2022-02-07,16,AEC300_1_N001,LMP,36.53235,36
2022-02-08T00:00:00-00:00,2022-02-08T01:00:00-00:00,2022-02-07,17,AEC300_1_N001,LMP,58.63019,36
2022-02-08T01:00:00-00:00,2022-02-08T02:00:00-00:00,2022-02-07,18,AEC300_1_N001,LMP,75.40573,36
2022-02-08T02:00:00-00:00,2022-02-08T03:00:00-00:00,2022-02-07,19,AEC300_1_N001,LMP,81.71417,36
2022-02-08T03:00:00-00:00,2022-02-08T04:00:00-00:00,2022-02-07,20,AEC300_1_N001,LMP,70.3072,36
2022-02-08T04:00:00-00:00,2022-02-08T05:00:00-00:00,2022-02-07,21,AEC300_1_N001,LMP,69.04868,36
2022-02-08T05:00:00-00:00,2022-02-08T06:00:00-00:00,2022-02-07,22,AEC300_1_N001,LMP,60.35882,36
2022-02-08T06:00:00-00:00,2022-02-08T07:00:00-00:00,2022-02-07,23,AEC300_1_N001,LMP,57.79083,36
2022-02-08T07:00:00-00:00,2022-02-08T08:00:00-00:00,2022-02-07,24,AEC300_1_N001,LMP,53.03123,36
2022-02-08T08:00:00-00:00,2022-02-08T09:00:00-00:00,2022-02-08,1,AEC300_1_N001,LMP,47.10069,41
2022-02-08T09:00:00-00:00,2022-02-08T10:00:00-00:00,2022-02-08,2,AEC300_1_N001,LMP,45.42906,41
2022-02-08T10:00:00-00:00,2022-02-08T11:00:00-00:00,2022-02-08,3,AEC300_1_N001,LMP,45.11228,41
2022-02-08T11:00:00-00:00,2022-02-08T12:00:00-00:00,2022-02-08,4,AEC300_1_N001,LMP,44.69238,41
2022-02-08T12:00:00-00:00,2022-02-08T13:00:00-00:00,2022-02-08,5,AEC300_1_N001,LMP,46.85112,41
2022-02-08T13:00:00-00:00,2022-02-08T14:00:00-00:00,2022-02-08,6,AEC300_1_N001,LMP,54.24201,41
2022-02-08T14:00:00-00:00,2022-02-08T15:00:00-00:00,2022-02-08,7,AEC300_1_N001,LMP,68.60612,41
2022-02-08T15:00:00-00:00,2022-02-08T16:00:00-00:00,2022-02-08,8,AEC300_1_N001,LMP,56.45439,41
2022-02-08T16:00:00-00:00,2022-02-08T17:00:00-00:00,2022-02-08,9,AEC300_1_N001,LMP,43.07228,41
2022-02-08T17:00:00-00:00,2022-02-08T18:00:00-00:00,2022-02-08,10,AEC300_1_N001,LMP,31.01282,41
2022-02-08T18:00:00-00:00,2022-02-08T19:00:00-00:00,2022-02-08,11,AEC300_1_N001,LMP,28.50911,41
2022-02-08T19:00:00-00:00,2022-02-08T20:00:00-00:00,2022-02-08,12,AEC300_1_N001,LMP,18.89377,41
2022-02-08T20:00:00-00:00,2022-02-08T21:00:00-00:00,2022-02-08,13,AEC300_1_N001,LMP,18.598,41
2022-02-08T21:00:00-00:00,2022-02-08T22:00:00-00:00,2022-02-08,14,AEC300_1_N001,LMP,18.91436,41
2022-02-08T22:00:00-00:00,2022-02-08T23:00:00-00:00,2022-02-08,15,AEC300_1_N001,LMP,24.21041,41
2022-02-08T23:00:00-00:00,2022-02-09T00:00:00-00:00,2022-02-08,16,AEC300_1_N001,LMP,36.96534,41
2022-02-09T00:00:00-00:00,2022-02-09T01:00:00-00:00,2022-02-08,17,AEC300_1_N001,LMP,50.63229,41
2022-02-09T01:00:00-00:00,2022-02-09T02:00:00-00:00,2022-02-08,18,AEC300_1_N001,LMP,65.86742,41
2022-02-09T02:00:00-00:00,2022-02-09T03:00:00-00:00,2022-02-08,19,AEC300_1_N001,LMP,71.13383,41
2022-02-09T03:00:00-00:00,2022-02-09T04:00:00-00:00,2022-02-08,20,AEC300_1_N001,LMP,64.30116,41
2022-02-09T04:00:00-00:00,2022-02-09T05:00:00-00:00,2022-02-08,21,AEC300_1_N001,LMP,59.25027,41
2022-02-09T05:00:00-00:00,2022-02-09T06:00:00-00:00,2022-02-08,22,AEC300_1_N001,LMP,54.64731,41
2022-02-09T06:00:00-00:00,2022-02-09T07:00:00-00:00,2022-02-08,23,AEC300_1_N001,LMP,51.25553,41
2022-02-09T07:00:00-00:00,2022-02-09T08:00:00-00:00,2022-02-08,24,AEC300_1_N001,LMP,46.6776,41
2022-02-09T08:00:00-00:00,2022-02-09T09:00:00-00:00,2022-02-09,1,AEC300_1_N001,LMP,42.21942,46
2022-02-09T09:00:00-00:00,2022-02-09T10:00:00-00:00,2022-02-09,2,AEC300_1_N001,LMP,42.06647,46
2022-02-09T10:00:00-00:00,2022-02-09T11:00:00-00:00,2022-02-09,3,AEC300_1_N001,LMP,42.229,46
2022-02-09T11:00:00-00:00,2022-02-09T12:00:00-00:00,2022-02-09,4,AEC300_1_N001,LMP,42.58119,46
2022-02-09T12:00:00-00:00,2022-02-09T13:00:00-00:00,2022-02-09,5,AEC300_1_N001,LMP,43.92722,46
2022-02-09T13:00:00-00:00,2022-02-09T14:00:00-00:00,2022-02-09,6,AEC300_1_N001,LMP,52.54515,46
2022-02-09T14:00:00-00:00,2022-02-09T15:00:00-00:00,2022-02-09,7,AEC300_1_N001,LMP,65.66591,46
2022-02-09T15:00:00-00:00,2022-02-09T16:00:00-00:00,2022-02-09,8,AEC300_1_N001,LMP,51.65954,46
2022-02-09T16:00:00-00:00,2022-02-09T17:00:00-00:00,2022-02-09,9,AEC300_1_N001,LMP,43.23506,46
2022-02-09T17:00:00-00:00,2022-02-09T18:00:00-00:00,2022-02-09,10,AEC300_1_N001,LMP,38.97487,46
2022-02-09T18:00:00-00:00,2022-02-09T19:00:00-00:00,2022-02-09,11,AEC300_1_N001,LMP,35.48495,46
2022-02-09T19:00:00-00:00,2022-02-09T20:00:00-00:00,2022-02-09,12,AEC300_1_N001,LMP,28.3475,46
2022-02-09T20:00:00-00:00,2022-02-09T21:00:00-00:00,2022-02-09,13,AEC300_1_N001,LMP,24.47007,46
2022-02-09T21:00:00-00:00,2022-02-09T22:00:00-00:00,2022-02-09,14,AEC300_1_N001,LMP,23.84509,46
2022-02-09T22:00:00-00:00,2022-02-09T23:00:00-00:00,2022-02-09,15,AEC300_1_N001,LMP,28.361,46
2022-02-09T23:00:00-00:00,2022-02-10T00:00:00-00:00,2022-02-09,16,AEC300_1_N001,LMP,39.97755,46
2022-02-10T00:00:00-00:00,2022-02-10T01:00:00-00:00,2022-02-09,17,AEC300_1_N001,LMP,54.00547,46
2022-02-10T01:00:00-00:00,2022-02-10T02:00:00-00:00,2022-02-09,18,AEC300_1_N001,LMP,67.62634,46
2022-02-10T02:00:00-00:00,2022-02-10T03:00:00-00:00,2022-02-09,19,AEC300_1_N001,LMP,70.60357,46
2022-02-10T03:00:00-00:00,2022-02-10T04:00:00-00:00,2022-02-09,20,AEC300_1_N001,LMP,60.53383,46
2022-02-10T04:00:00-00:00,2022-02-10T05:00:00-00:00,2022-02-09,21,AEC300_1_N001,LMP,55.33512,46
2022-02-10T05:00:00-00:00,2022-02-10T06:00:00-00:00,2022-02-09,22,AEC300_1_N001,LMP,50.20142,46
2022-02-10T06:00:00-00:00,2022-02-10T07:00:00-00:00,2022-02-09,23,AEC300_1_N001,LMP,46.68043,46
2022-02-10T07:00:00-00:00,2022-02-10T08:00:00-00:00,2022-02-09,24,AEC300_1_N001,LMP,43.35908,46
2022-02-10T08:00:00-00:00,2022-02-10T09:00:00-00:00,2022-02-10,1,AEC300_1_N001,LMP,41.83688,51
2022-02-10T09:00:00-00:00,2022-02-10T10:00:00-00:00,2022-02-10,2,AEC300_1_N001,LMP,41.73429,51
2022-02-10T10:00:00-00:00,2022-02-10T11:00:00-00:00,2022-02-10,3,AEC300_1_N001,LMP,40.70408,51
2022-02-10T11:00:00-00:00,2022-02-10T12:00:00-00:00,2022-02-10,4,AEC300_1_N001,LMP,41.47617,51
2022-02-10T12:00:00-00:00,2022-02-10T13:00:00-00:00,2022-02-10,5,AEC300_1_N001,LMP,42.70124,51
2022-02-10T13:00:00-00:00,2022-02-10T14:00:00-00:00,2022-02-10,6,AEC300_1_N001,LMP,45.56954,51
2022-02-10T14:00:00-00:00,2022-02-10T15:00:00-00:00,2022-02-10,7,AEC300_1_N001,LMP,58.26347,51
2022-02-10T15:00:00-00:00,2022-02-10T16:00:00-00:00,2022-02-10,8,AEC300_1_N001,LMP,46.92209,51
2022-02-10T16:00:00-00:00,2022-02-10T17:00:00-00:00,2022-02-10,9,AEC300_1_N001,LMP,36.14466,51
2022-02-10T17:00:00-00:00,2022-02-10T18:00:00-00:00,2022-02-10,10,AEC300_1_N001,LMP,25.79481,51
2022-02-10T18:00:00-00:00,2022-02-10T19:00:00-00:00,2022-02-10,11,AEC300_1_N001,LMP,21.73426,51
2022-02-10T19:00:00-00:00,2022-02-10T20:00:00-00:00,2022-02-10,12,AEC300_1_N001,LMP,20.7446,51
2022-02-10T20:00:00-00:00,2022-02-10T21:00:00-00:00,2022-02-10,13,AEC300_1_N001,LMP,22.17274,51
2022-02-10T21:00:00-00:00,2022-02-10T22:00:00-00:00,2022-02-10,14,AEC300_1_N001,LMP,22.88837,51
2022-02-10T22:00:00-00:00,2022-02-10T23:00:00-00:00,2022-02-10,15,AEC300_1_N001,LMP,27.29016,51
2022-02-10T23:00:00-00:00,2022-02-11T00:00:00-00:00,2022-02-10,16,AEC300_1_N001,LMP,37.20309,51
2022-02-11T00:00:00-00:00,2022-02-11T01:00:00-00:00,2022-02-10,17,AEC300_1_N001,LMP,49.83504,51
2022-02-11T01:00:00-00:00,2022-02-11T02:00:00-00:00,2022-02-10,18,AEC300_1_N001,LMP,65.24542,51
2022-02-11T02:00:00-00:00,2022-02-11T03:00:00-00:00,2022-02-10,19,AEC300_1_N001,LMP,67.16998,51
2022-02-11T03:00:00-00:00,2022-02-11T04:00:00-00:00,2022-02-10,20,AEC300_1_N001,LMP,58.30782,51
2022-02-11T04:00:00-00:00,2022-02-11T05:00:00-00:00,2022-02-10,21,AEC300_1_N001,LMP,54.31295,51
2022-02-11T05:00:00-00:00,2022-02-11T06:00:00-00:00,2022-02-10,22,AEC300_1_N001,LMP,49.50747,51
2022-02-11T06:00:00-00:00,2022-02-11T07:00:00-00:00,2022-02-10,23,AEC300_1_N001,LMP,46.14434,51
2022-02-11T07:00:00-00:00,2022-02-11T08:00:00-00:00,2022-02-10,24,AEC300_1_N001,LMP,42.87853,51
2022-02-11T08:00:00-00:00,2022-02-11T09:00:00-00:00,2022-02-11,1,AEC300_1_N001,LMP,42.66622,56
2022-02-11T09:00:00-00:00,2022-02-11T10:00:00-00:00,2022-02-11,2,AEC300_1_N001,LMP,41.90781,56
2022-02-11T10:00:00-00:00,2022-02-11T11:00:00-00:00,2022-02-11,3,AEC300_1_N001,LMP,40.88153,56
2022-02-11T11:00:00-00:00,2022-02-11T12:00:00-00:00,2022-02-11,4,AEC300_1_N001,LMP,40.97913,56
2022-02-11T12:00:00-00:00,2022-02-11T13:00:00-00:00,2022-02-11,5,AEC300_1_N001,LMP,43.66764,56
2022-02-11T13:00:00-00:00,2022-02-11T14:00:00-00:00,2022-02-11,6,AEC300_1_N001,LMP,47.39042,56
2022-02-11T14:00:00-00:00,2022-02-11T15:00:00-00:00,2022-02-11,7,AEC300_1_N001,LMP,62.91482,56
2022-02-11T15:00:00-00:00,2022-02-11T16:00:00-00:00,2022-02-11,8,AEC300_1_N001,LMP,47.05551,56
2022-02-11T16:00:00-00:00,2022-02-11T17:00:00-00:00,2022-02-11,9,AEC300_1_N001,LMP,38.635,56
2022-02-11T17:00:00-00:00,2022-02-11T18:00:00-00:00,2022-02-11,10,AEC300_1_N001,LMP,22.87462,56
2022-02-11T18:00:00-00:00,2022-02-11T19:00:00-00:00,2022-02-11,11,AEC300_1_N001,LMP,21.58097,56
2022-02-11T19:00:00-00:00,2022-02-11T20:00:00-00:00,2022-02-11,12,AEC300_1_N001,LMP,21.70554,56
2022-02-11T20:00:00-00:00,2022-02-11T21:00:00-00:00,2022-02-11,13,AEC300_1_N001,LMP,21.642,56
2022-02-11T21:00:00-00:00,2022-02-11T22:00:00-00:00,2022-02-11,14,AEC300_1_N001,LMP,22.52888,56
2022-02-11T22:00:00-00:00,2022-02-11T23:00:00-00:00,2022-02-11,15,AEC300_1_N001,LMP,28.72258,56
2022-02-11T23:00:00-00:00,2022-02-12T00:00:00-00:00,2022-02-11,16,AEC300_1_N001,LMP,38.94111,56
2022-02-12T00:00:00-00:00,2022-02-12T01:00:00-00:00,2022-02-11,17,AEC300_1_N001,LMP,50.84132,56
2022-02-12T01:00:00-00:00,2022-02-12T02:00:00-00:00,2022-02-11,18,AEC300_1_N001,LMP,67.22173,56
2022-02-12T02:00:00-00:00,2022-02-12T03:00:00-00:00,2022-02-11,19,AEC300_1_N001,LMP,67.7062,56
2022-02-12T03:00:00-00:00,2022-02-12T04:00:00-00:00,2022-02-11,20,AEC300_1_N001,LMP,56.45712,56
2022-02-12T04:00:00-00:00,2022-02-12T05:00:00-00:00,2022-02-11,21,AEC300_1_N001,LMP,53.27234,56
2022-02-12T05:00:00-00:00,2022-02-12T06:00:00-00:00,2022-02-11,22,AEC300_1_N001,LMP,49.45878,56
2022-02-12T06:00:00-00:00,2022-02-12T07:00:00-00:00,2022-02-11,23,AEC300_1_N001,LMP,44.81034,56
2022-02-12T07:00:00-00:00,2022-02-12T08:00:00-00:00,2022-02-11,24,AEC300_1_N001,LMP,44.01444,56
2022-02-12T08:00:00-00:00,2022-02-12T09:00:00-00:00,2022-02-12,1,AEC300_1_N001,LMP,41.75174,61
2022-02-12T09:00:00-00:00,2022-02-12T10:00:00-00:00,2022-02-12,2,AEC300_1_N001,LMP,41.30555,61
2022-02-12T10:00:00-00:00,2022-02-12T11:00:00-00:00,2022-02-12,3,AEC300_1_N001,LMP,41.50432,61
2022-02-12T11:00:00-00:00,2022-02-12T12:00:00-00:00,2022-02-12,4,AEC300_1_N001,LMP,39.96054,61
2022-02-12T12:00:00-00:00,2022-02-12T13:00:00-00:00,2022-02-12,5,AEC300_1_N001,LMP,42.22665,61
2022-02-12T13:00:00-00:00,2022-02-12T14:00:00-00:00,2022-02-12,6,AEC300_1_N001,LMP,45.59534,61
2022-02-12T14:00:00-00:00,2022-02-12T15:00:00-00:00,2022-02-12,7,AEC300_1_N001,LMP,48.92064,61
2022-02-12T15:00:00-00:00,2022-02-12T16:00:00-00:00,2022-02-12,8,AEC300_1_N001,LMP,43.34671,61
2022-02-12T16:00:00-00:00,2022-02-12T17:00:00-00:00,2022-02-12,9,AEC300_1_N001,LMP,31.43235,61
2022-02-12T17:00:00-00:00,2022-02-12T18:00:00-00:00,2022-02-12,10,AEC300_1_N001,LMP,21.77958,61
2022-02-12T18:00:00-00:00,2022-02-12T19:00:00-00:00,2022-02-12,11,AEC300_1_N001,LMP,17.49124,61
2022-02-12T19:00:00-00:00,2022-02-12T20:00:00-00:00,2022-02-12,12,AEC300_1_N001,LMP,13.01626,61
2022-02-12T20:00:00-00:00,2022-02-12T21:00:00-00:00,2022-02-12,13,AEC300_1_N001,LMP,11.10173,61
2022-02-12T21:00:00-00:00,2022-02-12T22:00:00-00:00,2022-02-12,14,AEC300_1_N001,LMP,10.96661,61
2022-02-12T22:00:00-00:00,2022-02-12T23:00:00-00:00,2022-02-12,15,AEC300_1_N001,LMP,16.28505,61
2022-02-12T23:00:00-00:00,2022-02-13T00:00:00-00:00,2022-02-12,16,AEC300_1_N001,LMP,30.95029,61
2022-02-13T00:00:00-00:00,2022-02-13T01:00:00-00:00,2022-02-12,17,AEC300_1_N001,LMP,46.53868,61
2022-02-13T01:00:00-00:00,2022-02-13T02:00:00-00:00,2022-02-12,18,AEC300_1_N001,LMP,61.96098,61
2022-02-13T02:00:00-00:00,2022-02-13T03:00:00-00:00,2022-02-12,19,AEC300_1_N001,LMP,63.83357,61
2022-02-13T03:00:00-00:00,2022-02-13T04:00:00-00:00,2022-02-12,20,AEC300_1_N001,LMP,58.90888,61
2022-02-13T04:00:00-00:00,2022-02-13T05:00:00-00:00,2022-02-12,21,AEC300_1_N001,LMP,53.2605,61
2022-02-13T05:00:00-00:00,2022-02-13T06:00:00-00:00,2022-02-12,22,AEC300_1_N001,LMP,51.39535,61
2022-02-13T06:00:00-00:00,2022-02-13T07:00:00-00:00,2022-02-12,23,AEC300_1_N001,LMP,46.82364,61
2022-02-13T07:00:00-00:00,2022-02-13T08:00:00-00:00,2022-02-12,24,AEC300_1_N001,LMP,44.6151,61
2022-02-13T08:00:00-00:00,2022-02-13T09:00:00-00:00,2022-02-13,1,AEC300_1_N001,LMP,45.22955,66
2022-02-13T09:00:00-00:00,2022-02-13T10:00:00-00:00,2022-02-13,2,AEC300_1_N001,LMP,44.58705,66
2022-02-13T10:00:00-00:00,2022-02-13T11:00:00-00:00,2022-02-13,3,AEC300_1_N001,LMP,42.73251,66
2022-02-13T11:00:00-00:00,2022-02-13T12:00:00-00:00,2022-02-13,4,AEC300_1_N001,LMP,42.81829,66
2022-02-13T12:00:00-00:00,2022-02-13T13:00:00-00:00,2022-02-13,5,AEC300_1_N001,LMP,43.78766,66
2022-02-13T13:00:00-00:00,2022-02-13T14:00:00-00:00,2022-02-13,6,AEC300_1_N001,LMP,45.34225,66
2022-02-13T14:00:00-00:00,2022-02-13T15:00:00-00:00,2022-02-13,7,AEC300_1_N001,LMP,46.44455,66
2022-02-13T15:00:00-00:00,2022-02-13T16:00:00-00:00,2022-02-13,8,AEC300_1_N001,LMP,42.80295,66
2022-02-13T16:00:00-00:00,2022-02-13T17:00:00-00:00,2022-02-13,9,AEC300_1_N001,LMP,26.05222,66
2022-02-13T17:00:00-00:00,2022-02-13T18:00:00-00:00,2022-02-13,10,AEC300_1_N001,LMP,5.28753,66
2022-02-13T18:00:00-00:00,2022-02-13T19:00:00-00:00,2022-02-13,11,AEC300_1_N001,LMP,2.20816,66
2022-02-13T19:00:00-00:00,2022-02-13T20:00:00-00:00,2022-02-13,12,AEC300_1_N001,LMP,2.19918,66
2022-02-13T20:00:00-00:00,2022-02-13T21:00:00-00:00,2022-02-13,13,AEC300_1_N001,LMP,3.29011,66
2022-02-13T21:00:00-00:00,2022-02-13T22:00:00-00:00,2022-02-13,14,AEC300_1_N001,LMP,5.0935,66
2022-02-13T22:00:00-00:00,2022-02-13T23:00:00-00:00,2022-02-13,15,AEC300_1_N001,LMP,5.58295,66
2022-02-13T23:00:00-00:00,2022-02-14T00:00:00-00:00,2022-02-13,16,AEC300_1_N001,LMP,25.05938,66
2022-02-14T00:00:00-00:00,2022-02-14T01:00:00-00:00,2022-02-13,17,AEC300_1_N001,LMP,46.50803,66
2022-02-14T01:00:00-00:00,2022-02-14T02:00:00-00:00,2022-02-13,18,AEC300_1_N001,LMP,58.59146,66
2022-02-14T02:00:00-00:00,2022-02-14T03:00:00-00:00,2022-02-13,19,AEC300_1_N001,LMP,59.73697,66
2022-02-14T03:00:00-00:00,2022-02-14T04:00:00-00:00,2022-02-13,20,AEC300_1_N001,LMP,55.21462,66
2022-02-14T04:00:00-00:00,2022-02-14T05:00:00-00:00,2022-02-13,21,AEC300_1_N001,LMP,51.3221,66
2022-02-14T05:00:00-00:00,2022-02-14T06:00:00-00:00,2022-02-13,22,AEC300_1_N001,LMP,49.2772,66
2022-02-14T06:00:00-00:00,2022-02-14T07:00:00-00:00,2022-02-13,23,AEC300_1_N001,LMP,46.47109,66
2022-02-14T07:00:00-00:00,2022-02-14T08:00:00-00:00,2022-02-13,24,AEC300_1_N001,LMP,44.59712,66
2022-02-14T08:00:00-00:00,2022-02-14T09:00:00-00:00,2022-02-14,1,AEC300_1_N001,LMP,41.46235,71
2022-02-14T09:00:00-00:00,2022-02-14T10:00:00-00:00,2022-02-14,2,AEC300_1_N001,LMP,40.50041,71
2022-02-14T10:00:00-00:00,2022-02-14T11:00:00-00:00,2022-02-14,3,AEC300_1_N001,LMP,39.33022,71
2022-02-14T11:00:00-00:00,2022-02-14T12:00:00-00:00,2022-02-14,4,AEC300_1_N001,LMP,39.18066,71
2022-02-14T12:00:00-00:00,2022-02-14T13:00:00-00:00,2022-02-14,5,AEC300_1_N001,LMP,42.59604,71
2022-02-14T13:00:00-00:00,2022-02-14T14:00:00-00:00,2022-02-14,6,AEC300_1_N001,LMP,48.03481,71
2022-02-14T14:00:00-00:00,2022-02-14T15:00:00-00:00,2022-02-14,7,AEC300_1_N001,LMP,56.7897,71
2022-02-14T15:00:00-00:00,2022-02-14T16:00:00-00:00,2022-02-14,8,AEC300_1_N001,LMP,47.97418,71
2022-02-14T16:00:00-00:00,2022-02-14T17:00:00-00:00,2022-02-14,9,AEC300_1_N001,LMP,43.70452,71
2022-02-14T17:00:00-00:00,2022-02-14T18:00:00-00:00,2022-02-14,10,AEC300_1_N001,LMP,36.86937,71
2022-02-14T18:00:00-00:00,2022-02-14T19:00:00-00:00,2022-02-14,11,AEC300_1_N001,LMP,27.89294,71
2022-02-14T19:00:00-00:00,2022-02-14T20:00:00-00:00,2022-02-14,12,AEC300_1_N001,LMP,24.53825,71
2022-02-14T20:00:00-00:00,2022-02-14T21:00:00-00:00,2022-02-14,13,AEC300_1_N001,LMP,22.31065,71
2022-02-14T21:00:00-00:00,2022-02-14T22:00:00-00:00,2022-02-14,14,AEC300_1_N001,LMP,20.45433,71
2022-02-14T22:00:00-00:00,2022-02-14T23:00:00-00:00,2022-02-14,15,AEC300_1_N001,LMP,22.65508,71
2022-02-14T23:00:00-00:00,2022-02-15T00:00:00-00:00,2022-02-14,16,AEC300_1_N001,LMP,33.1062,71
2022-02-15T00:00:00-00:00,2022-02-15T01:00:00-00:00,2022-02-14,17,AEC300_1_N001,LMP,45.47415,71
2022-02-15T01:00:00-00:00,2022-02-15T02:00:00-00:00,2022-02-14,18,AEC300_1_N001,LMP,55.86931,71
2022-02-15T02:00:00-00:00,2022-02-15T03:00:00-00:00,2022-02-14,19,AEC300_1_N001,LMP,58.69691,71
2022-02-15T03:00:00-00:00,2022-02-15T04:00:00-00:00,2022-02-14,20,AEC300_1_N001,LMP,53.6308,71
2022-02-15T04:00:00-00:00,2022-02-15T05:00:00-00:00,2022-02-14,21,AEC300_1_N001,LMP,47.81874,71
2022-02-15T05:00:00-00:00,2022-02-15T06:00:00-00:00,2022-02-14,22,AEC300_1_N001,LMP,46.36733,71
2022-02-15T06:00:00-00:00,2022-02-15T07:00:00-00:00,2022-02-14,23,AEC300_1_N001,LMP,43.63742,71
2022-02-15T07:00:00-00:00,2022-02-15T08:00:00-00:00,2022-02-14,24,AEC300_1_N001,LMP,42.01103,71
2022-02-15T08:00:00-00:00,2022-02-15T09:00:00-00:00,2022-02-15,1,AEC300_1_N001,LMP,41.40786,76
2022-02-15T09:00:00-00:00,2022-02-15T10:00:00-00:00,2022-02-15,2,AEC300_1_N001,LMP,39.55205,76
2022-02-15T10:00:00-00:00,2022-02-15T11:00:00-00:00,2022-02-15,3,AEC300_1_N001,LMP,36.67769,76
2022-02-15T11:00:00-00:00,2022-02-15T12:00:00-00:00,2022-02-15,4,AEC300_1_N001,LMP,37.48587,76
2022-02-15T12:00:00-00:00,2022-02-15T13:00:00-00:00,2022-02-15,5,AEC300_1_N001,LMP,41.26425,76
2022-02-15T13:00:00-00:00,2022-02-15T14:00:00-00:00,2022-02-15,6,AEC300_1_N001,LMP,45.70195,76
2022-02-15T14:00:00-00:00,2022-02-15T15:00:00-00:00,2022-02-15,7,AEC300_1_N001,LMP,50.09648,76
2022-02-15T15:00:00-00:00,2022-02-15T16:00:00-00:00,2022-02-15,8,AEC300_1_N001,LMP,47.15466,76
2022-02-15T16:00:00-00:00,2022-02-15T17:00:00-00:00,2022-02-15,9,AEC300_1_N001,LMP,31.54033,76
2022-02-15T17:00:00-00:00,2022-02-15T18:00:00-00:00,2022-02-15,10,AEC300_1_N001,LMP,19.66834,76
2022-02-15T18:00:00-00:00,2022-02-15T19:00:00-00:00,2022-02-15,11,AEC300_1_N001,LMP,17.04425,76
2022-02-15T19:00:00-00:00,2022-02-15T20:00:00-00:00,2022-02-15,12,AEC300_1_N001,LMP,10.29212,76
2022-02-15T20:00:00-00:00,2022-02-15T21:00:00-00:00,2022-02-15,13,AEC300_1_N001,LMP,11.31389,76
2022-02-15T21:00:00-00:00,2022-02-15T22:00:00-00:00,2022-02-15,14,AEC300_1_N001,LMP,10.08615,76
2022-02-15T22:00:00-00:00,2022-02-15T23:00:00-00:00,2022-02-15,15,AEC300_1_N001,LMP,9.00859,76
2022-02-15T23:00:00-00:00,2022-02-16T00:00:00-00:00,2022-02-15,16,AEC300_1_N001,LMP,17.09591,76
2022-02-16T00:00:00-00:00,2022-02-16T01:00:00-00:00,2022-02-15,17,AEC300_1_N001,LMP,37.36844,76
2022-02-16T01:00:00-00:00,2022-02-16T02:00:00-00:00,2022-02-15,18,AEC300_1_N001,LMP,52.0017,76
2022-02-16T02:00:00-00:00,2022-02-16T03:00:00-00:00,2022-02-15,19,AEC300_1_N001,LMP,58.89644,76
2022-02-16T03:00:00-00:00,2022-02-16T04:00:00-00:00,2022-02-15,20,AEC300_1_N001,LMP,53.03037,76
2022-02-16T04:00:00-00:00,2022-02-16T05:00:00-00:00,2022-02-15,21,AEC300_1_N001,LMP,50.25806,76
2022-02-16T05:00:00-00:00,2022-02-16T06:00:00-00:00,2022-02-15,22,AEC300_1_N001,LMP,47.77524,76
2022-02-16T06:00:00-00:00,2022-02-16T07:00:00-00:00,2022-02-15,23,AEC300_1_N001,LMP,43.87551,76
2022-02-16T07:00:00-00:00,2022-02-16T08:00:00-00:00,2022-02-15,24,AEC300_1_N001,LMP,40.87371,76
2022-02-16T08:00:00-00:00,2022-02-16T09:00:00-00:00,2022-02-16,1,AEC300_1_N001,LMP,37.50714,81
2022-02-16T09:00:00-00:00,2022-02-16T10:00:00-00:00,2022-02-16,2,AEC300_1_N001,LMP,36.76797,81
2022-02-16T10:00:00-00:00,2022-02-16T11:00:00-00:00,2022-02-16,3,AEC300_1_N001,LMP,35.28921,81
2022-02-16T11:00:00-00:00,2022-02-16T12:00:00-00:00,2022-02-16,4,AEC300_1_N001,LMP,36.88318,81
2022-02-16T12:00:00-00:00,2022-02-16T13:00:00-00:00,2022-02-16,5,AEC300_1_N001,LMP,44.6886,81
2022-02-16T13:00:00-00:00,2022-02-16T14:00:00-00:00,2022-02-16,6,AEC300_1_N001,LMP,53.77379,81
2022-02-16T14:00:00-00:00,2022-02-16T15:00:00-00:00,2022-02-16,7,AEC300_1_N001,LMP,67.45475,81
2022-02-16T15:00:00-00:00,2022-02-16T16:00:00-00:00,2022-02-16,8,AEC300_1_N001,LMP,54.43622,81
2022-02-16T16:00:00-00:00,2022-02-16T17:00:00-00:00,2022-02-16,9,AEC300_1_N001,LMP,38.22218,81
2022-02-16T17:00:00-00:00,2022-02-16T18:00:00-00:00,2022-02-16,10,AEC300_1_N001,LMP,24.47542,81
2022-02-16T18:00:00-00:00,2022-02-16T19:00:00-00:00,2022-02-16,11,AEC300_1_N001,LMP,15.45248,81
2022-02-16T19:00:00-00:00,2022-02-16T20:00:00-00:00,2022-02-16,12,AEC300_1_N001,LMP,9.88341,81
2022-02-16T20:00:00-00:00,2022-02-16T21:00:00-00:00,2022-02-16,13,AEC300_1_N001,LMP,11.07531,81
2022-02-16T21:00:00-00:00,2022-02-16T22:00:00-00:00,2022-02-16,14,AEC300_1_N001,LMP,9.18778,81
2022-02-16T22:00:00-00:00,2022-02-16T23:00:00-00:00,2022-02-16,15,AEC300_1_N001,LMP,8.80729,81
2022-02-16T23:00:00-00:00,2022-02-17T00:00:00-00:00,2022-02-16,16,AEC300_1_N001,LMP,16.67639,81
2022-02-17T00:00:00-00:00,2022-02-17T01:00:00-00:00,2022-02-16,17,AEC300_1_N001,LMP,41.43691,81
2022-02-17T01:00:00-00:00,2022-02-17T02:00:00-00:00,2022-02-16,18,AEC300_1_N001,LMP,56.36837,81
2022-02-17T02:00:00-00:00,2022-02-17T03:00:00-00:00,2022-02-16,19,AEC300_1_N001,LMP,60.13976,81
2022-02-17T03:00:00-00:00,2022-02-17T04:00:00-00:00,2022-02-16,20,AEC300_1_N001,LMP,57.68675,81
2022-02-17T04:00:00-00:00,2022-02-17T05:00:00-00:00,2022-02-16,21,AEC300_1_N001,LMP,56.05193,81
2022-02-17T05:00:00-00:00,2022-02-17T06:00:00-00:00,2022-02-16,22,AEC300_1_N001,LMP,53.64164,81
2022-02-17T06:00:00-00:00,2022-02-17T07:00:00-00:00,2022-02-16,23,AEC300_1_N001,LMP,48.45677,81
2022-02-17T07:00:00-00:00,2022-02-17T08:00:00-00:00,2022-02-16,24,AEC300_1_N001,LMP,44.84099,81
2022-02-17T08:00:00-00:00,2022-02-17T09:00:00-00:00,2022-02-17,1,AEC300_1_N001,LMP,40.21339,86
2022-02-17T09:00:00-00:00,2022-02-17T10:00:00-00:00,2022-02-17,2,AEC300_1_N001,LMP,40.20225,86
2022-02-17T10:00:00-00:00,2022-02-17T11:00:00-00:00,2022-02-17,3,AEC300_1_N001,LMP,38.98042,86
2022-02-17T11:00:00-00:00,2022-02-17T12:00:00-00:00,2022-02-17,4,AEC300_1_N001,LMP,39.61451,86
2022-02-17T12:00:00-00:00,2022-02-17T13:00:00-00:00,2022-02-17,5,AEC300_1_N001,LMP,45.98362,86
2022-02-17T13:00:00-00:00,2022-02-17T14:00:00-00:00,2022-02-17,6,AEC300_1_N001,LMP,55.67852,86
2022-02-17T14:00:00-00:00,2022-02-17T15:00:00-00:00,2022-02-17,7,AEC300_1_N001,LMP,67.41656,86
2022-02-17T15:00:00-00:00,2022-02-17T16:00:00-00:00,2022-02-17,8,AEC300_1_N001,LMP,53.67865,86
2022-02-17T16:00:00-00:00,2022-02-17T17:00:00-00:00,2022-02-17,9,AEC300_1_N001,LMP,35.84345,86
2022-02-17T17:00:00-00:00,2022-02-17T18:00:00-00:00,2022-02-17,10,AEC300_1_N001,LMP,24.50874,86
2022-02-17T18:00:00-00:00,2022-02-17T19:00:00-00:00,2022-02-17,11,AEC300_1_N001,LMP,19.33642,86
2022-02-17T19:00:00-00:00,2022-02-17T20:00:00-00:00,2022-02-17,12,AEC300_1_N001,LMP,12.72296,86
2022-02-17T20:00:00-00:00,2022-02-17T21:00:00-00:00,2022-02-17,13,AEC300_1_N001,LMP,16.47501,86
2022-02-17T21:00:00-00:00,2022-02-17T22:00:00-00:00,2022-02-17,14,AEC300_1_N001,LMP,13.50641,86
2022-02-17T22:00:00-00:00,2022-02-17T23:00:00-00:00,2022-02-17,15,AEC300_1_N001,LMP,18.37272,86
2022-02-17T23:00:00-00:00,2022-02-18T00:00:00-00:00,2022-02-17,16,AEC300_1_N001,LMP,28.07429,86
2022-02-18T00:00:00-00:00,2022-02-18T01:00:00-00:00,2022-02-17,17,AEC300_1_N001,LMP,48.56176,86
2022-02-18T01:00:00-00:00,2022-02-18T02:00:00-00:00,2022-02-17,18,AEC300_1_N001,LMP,64.15501,86
2022-02-18T02:00:00-00:00,2022-02-18T03:00:00-00:00,2022-02-17,19,AEC300_1_N001,LMP,69.83522,86
2022-02-18T03:00:00-00:00,2022-02-18T04:00:00-00:00,2022-02-17,20,AEC300_1_N001,LMP,63.25794,86
2022-02-18T04:00:00-00:00,2022-02-18T05:00:00-00:00,2022-02-17,21,AEC300_1_N001,LMP,60.80054,86
2022-02-18T05:00:00-00:00,2022-02-18T06:00:00-00:00,2022-02-17,22,AEC300_1_N001,LMP,57.75087,86
2022-02-18T06:00:00-00:00,2022-02-18T07:00:00-00:00,2022-02-17,23,AEC300_1_N001,LMP,53.07538,86
2022-02-18T07:00:00-00:00,2022-02-18T08:00:00-00:00,2022-02-17,24,AEC300_1_N001,LMP,47.66569,86
2022-02-18T08:00:00-00:00,2022-02-18T09:00:00-00:00,2022-02-18,1,AEC300_1_N001,LMP,45.15032,91
2022-02-18T09:00:00-00:00,2022-02-18T10:00:00-00:00,2022-02-18,2,AEC300_1_N001,LMP,44.97817,91
2022-02-18T10:00:00-00:00,2022-02-18T11:00:00-00:00,2022-02-18,3,AEC300_1_N001,LMP,44.86765,91
2022-02-18T11:00:00-00:00,2022-02-18T12:00:00-00:00,2022-02-18,4,AEC300_1_N001,LMP,46.01887,91
2022-02-18T12:00:00-00:00,2022-02-18T13:00:00-00:00,2022-02-18,5,AEC300_1_N001,LMP,49.97219,91
2022-02-18T13:00:00-00:00,2022-02-18T14:00:00-00:00,2022-02-18,6,AEC300_1_N001,LMP,60.15616,91
2022-02-18T14:00:00-00:00,2022-02-18T15:00:00-00:00,2022-02-18,7,AEC300_1_N001,LMP,71.51763,91
2022-02-18T15:00:00-00:00,2022-02-18T16:00:00-00:00,2022-02-18,8,AEC300_1_N001,LMP,54.92908,91
2022-02-18T16:00:00-00:00,2022-02-18T17:00:00-00:00,2022-02-18,9,AEC300_1_N001,LMP,43.40707,91
2022-02-18T17:00:00-00:00,2022-02-18T18:00:00-00:00,2022-02-18,10,AEC300_1_N001,LMP,37.42087,91
2022-02-18T18:00:00-00:00,2022-02-18T19:00:00-00:00,2022-02-18,11,AEC300_1_N001,LMP,35.94671,91
2022-02-18T19:00:00-00:00,2022-02-18T20:00:00-00:00,2022-02-18,12,AEC300_1_N001,LMP,32.16769,91
2022-02-18T20:00:00-00:00,2022-02-18T21:00:00-00:00,2022-02-18,13,AEC300_1_N001,LMP,31.64438,91
2022-02-18T21:00:00-00:00,2022-02-18T22:00:00-00:00,2022-02-18,14,AEC300_1_N001,LMP,28.16219,91
2022-02-18T22:00:00-00:00,2022-02-18T23:00:00-00:00,2022-02-18,15,AEC300_1_N001,LMP,30.80378,91
2022-02-18T23:00:00-00:00,2022-02-19T00:00:00-00:00,2022-02-18,16,AEC300_1_N001,LMP,38.39647,91
2022-02-19T00:00:00-00:00,2022-02-19T01:00:00-00:00,2022-02-18,17,AEC300_1_N001,LMP,51.27007,91
2022-02-19T01:00:00-00:00,2022-02-19T02:00:00-00:00,2022-02-18,18,AEC300_1_N001,LMP,64.49574,91
2022-02-19T02:00:00-00:00,2022-02-19T03:00:00-00:00,2022-02-18,19,AEC300_1_N001,LMP,70.09282,91
2022-02-19T03:00:00-00:00,2022-02-19T04:00:00-00:00,2022-02-18,20,AEC300_1_N001,LMP,63.98805,91
2022-02-19T04:00:00-00:00,2022-02-19T05:00:00-00:00,2022-02-18,21,AEC300_1_N001,LMP,61.58908,91
2022-02-19T05:00:00-00:00,2022-02-19T06:00:00-00:00,2022-02-18,22,AEC300_1_N001,LMP,60.46928,91
2022-02-19T06:00:00-00:00,2022-02-19T07:00:00-00:00,2022-02-18,23,AEC300_1_N001,LMP,53.30052,91
2022-02-19T07:00:00-00:00,2022-02-19T08:00:00-00:00,2022-02-18,24,AEC300_1_N001,LMP,49.00242,91
2022-02-19T08:00:00-00:00,2022-02-19T09:00:00-00:00,2022-02-19,1,AEC300_1_N001,LMP,46.86145,96
2022-02-19T09:00:00-00:00,2022-02-19T10:00:00-00:00,2022-02-19,2,AEC300_1_N001,LMP,45.80034,96
2022-02-19T10:00:00-00:00,2022-02-19T11:00:00-00:00,2022-02-19,3,AEC300_1_N001,LMP,45.35704,96
2022-02-19T11:00:00-00:00,2022-02-19T12:00:00-00:00,2022-02-19,4,AEC300_1_N001,LMP,45.29503,96
2022-02-19T12:00:00-00:00,2022-02-19T13:00:00-00:00,2022-02-19,5,AEC300_1_N001,LMP,47.49294,96
2022-02-19T13:00:00-00:00,2022-02-19T14:00:00-00:00,2022-02-19,6,AEC300_1_N001,LMP,50.01571,96
2022-02-19T14:00:00-00:00,2022-02-19T15:00:00-00:00,2022-02-19,7,AEC300_1_N001,LMP,56.0295,96
2022-02-19T15:00:00-00:00,2022-02-19T16:00:00-00:00,2022-02-19,8,AEC300_1_N001,LMP,44.60312,96
2022-02-19T16:00:00-00:00,2022-02-19T17:00:00-00:00,2022-02-19,9,AEC300_1_N001,LMP,31.70979,96
2022-02-19T17:00:00-00:00,2022-02-19T18:00:00-00:00,2022-02-19,10,AEC300_1_N001,LMP,22.56513,96
2022-02-19T18:00:00-00:00,2022-02-19T19:00:00-00:00,2022-02-19,11,AEC300_1_N001,LMP,17.84712,96
2022-02-19T19:00:00-00:00,2022-02-19T20:00:00-00:00,2022-02-19,12,AEC300_1_N001,LMP,13.88526,96
2022-02-19T20:00:00-00:00,2022-02-19T21:00:00-00:00,2022-02-19,13,AEC300_1_N001,LMP,10.67964,96
2022-02-19T21:00:00-00:00,2022-02-19T22:00:00-00:00,2022-02-19,14,AEC300_1_N001,LMP,9.90196,96
2022-02-19T22:00:00-00:00,2022-02-19T23:00:00-00:00,2022-02-19,15,AEC300_1_N001,LMP,10.42083,96
2022-02-19T23:00:00-00:00,2022-02-20T00:00:00-00:00,2022-02-19,16,AEC300_1_N001,LMP,20.55507,96
2022-02-20T00:00:00-00:00,2022-02-20T01:00:00-00:00,2022-02-19,17,AEC300_1_N001,LMP,42.84175,96
2022-02-20T01:00:00-00:00,2022-02-20T02:00:00-00:00,2022-02-19,18,AEC300_1_N001,LMP,62.46613,96
2022-02-20T02:00:00-00:00,2022-02-20T03:00:00-00:00,2022-02-19,19,AEC300_1_N001,LMP,70.55189,96
2022-02-20T03:00:00-00:00,2022-02-20T04:00:00-00:00,2022-02-19,20,AEC300_1_N001,LMP,62.59828,96
2022-02-20T04:00:00-00:00,2022-02-20T05:00:00-00:00,2022-02-19,21,AEC300_1_N001,LMP,59.58139,96
2022-02-20T05:00:00-00:00,2022-02-20T06:00:00-00:00,2022-02-19,22,AEC300_1_N001,LMP,56.15948,96
2022-02-20T06:00:00-00:00,2022-02-20T07:00:00-00:00,2022-02-19,23,AEC300_1_N001,LMP,49.4729,96
2022-02-20T07:00:00-00:00,2022-02-20T08:00:00-00:00,2022-02-19,24,AEC300_1_N001,LMP,47.32609,96
2022-02-20T08:00:00-00:00,2022-02-20T09:00:00-00:00,2022-02-20,1,AEC300_1_N001,LMP,45.1046,101
2022-02-20T09:00:00-00:00,2022-02-20T10:00:00-00:00,2022-02-20,2,AEC300_1_N001,LMP,44.95126,101
2022-02-20T10:00:00-00:00,2022-02-20T11:00:00-00:00,2022-02-20,3,AEC300_1_N001,LMP,44.91992,101
2022-02-20T11:00:00-00:00,2022-02-20T12:00:00-00:00,2022-02-20,4,AEC300_1_N001,LMP,44.39706,101
2022-02-20T12:00:00-00:00,2022-02-20T13:00:00-00:00,2022-02-20,5,AEC300_1_N001,LMP,44.9684,101
2022-02-20T13:00:00-00:00,2022-02-20T14:00:00-00:00,2022-02-20,6,AEC300_1_N001,LMP,48.20607,101
2022-02-20T14:00:00-00:00,2022-02-20T15:00:00-00:00,2022-02-20,7,AEC300_1_N001,LMP,49.91875,101
2022-02-20T15:00:00-00:00,2022-02-20T16:00:00-00:00,2022-02-20,8,AEC300_1_N001,LMP,41.80881,101
2022-02-20T16:00:00-00:00,2022-02-20T17:00:00-00:00,2022-02-20,9,AEC300_1_N001,LMP,31.48631,101
2022-02-20T17:00:00-00:00,2022-02-20T18:00:00-00:00,2022-02-20,10,AEC300_1_N001,LMP,27.38671,101
2022-02-20T18:00:00-00:00,2022-02-20T19:00:00-00:00,2022-02-20,11,AEC300_1_N001,LMP,23.65157,101
2022-02-20T19:00:00-00:00,2022-02-20T20:00:00-00:00,2022-02-20,12,AEC300_1_N001,LMP,18.16684,101
2022-02-20T20:00:00-00:00,2022-02-20T21:00:00-00:00,2022-02-20,13,AEC300_1_N001,LMP,17.40883,101
2022-02-20T21:00:00-00:00,2022-02-20T22:00:00-00:00,2022-02-20,14,AEC300_1_N001,LMP,15.55337,101
2022-02-20T22:00:00-00:00,2022-02-20T23:00:00-00:00,2022-02-20,15,AEC300_1_N001,LMP,17.90802,101
2022-02-20T23:00:00-00:00,2022-02-21T00:00:00-00:00,2022-02-20,16,AEC300_1_N001,LMP,24.73955,101
2022-02-21T00:00:00-00:00,2022-02-21T01:00:00-00:00,2022-02-20,17,AEC300_1_N001,LMP,42.19097,101
2022-02-21T01:00:00-00:00,2022-02-21T02:00:00-00:00,2022-02-20,18,AEC300_1_N001,LMP,56.67442,101
2022-02-21T02:00:00-00:00,2022-02-21T03:00:00-00:00,2022-02-20,19,AEC300_1_N001,LMP,63.44085,101
2022-02-21T03:00:00-00:00,2022-02-21T04:00:00-00:00,2022-02-20,20,AEC300_1_N001,LMP,58.16313,101
2022-02-21T04:00:00-00:00,2022-02-21T05:00:00-00:00,2022-02-20,21,AEC300_1_N001,LMP,54.57097,101
2022-02-21T05:00:00-00:00,2022-02-21T06:00:00-00:00,2022-02-20,22,AEC300_1_N001,LMP,51.63873,101
2022-02-21T06:00:00-00:00,2022-02-21T07:00:00-00:00,2022-02-20,23,AEC300_1_N001,LMP,47.76274,101
2022-02-21T07:00:00-00:00,2022-02-21T08:00:00-00:00,2022-02-20,24,AEC300_1_N001,LMP,45.41431,101
2022-02-21T08:00:00-00:00,2022-02-21T09:00:00-00:00,2022-02-21,1,AEC300_1_N001,LMP,44.08452,106
2022-02-21T09:00:00-00:00,2022-02-21T10:00:00-00:00,2022-02-21,2,AEC300_1_N001,LMP,42.88066,106
2022-02-21T10:00:00-00:00,2022-02-21T11:00:00-00:00,2022-02-21,3,AEC300_1_N001,LMP,42.93337,106
2022-02-21T11:00:00-00:00,2022-02-21T12:00:00-00:00,2022-02-21,4,AEC300_1_N001,LMP,43.20193,106
2022-02-21T12:00:00-00:00,2022-02-21T13:00:00-00:00,2022-02-21,5,AEC300_1_N001,LMP,45.38126,106
2022-02-21T13:00:00-00:00,2022-02-21T14:00:00-00:00,2022-02-21,6,AEC300_1_N001,LMP,50.9081,106
2022-02-21T14:00:00-00:00,2022-02-21T15:00:00-00:00,2022-02-21,7,AEC300_1_N001,LMP,59.43077,106
2022-02-21T15:00:00-00:00,2022-02-21T16:00:00-00:00,2022-02-21,8,AEC300_1_N001,LMP,49.79423,106
2022-02-21T16:00:00-00:00,2022-02-21T17:00:00-00:00,2022-02-21,9,AEC300_1_N001,LMP,40.29256,106
2022-02-21T17:00:00-00:00,2022-02-21T18:00:00-00:00,2022-02-21,10,AEC300_1_N001,LMP,33.82054,106
2022-02-21T18:00:00-00:00,2022-02-21T19:00:00-00:00,2022-02-21,11,AEC300_1_N001,LMP,31.55678,106
2022-02-21T19:00:00-00:00,2022-02-21T20:00:00-00:00,2022-02-21,12,AEC300_1_N001,LMP,24.25556,106
2022-02-21T20:00:00-00:00,2022-02-21T21:00:00-00:00,2022-02-21,13,AEC300_1_N001,LMP,23.75669,106
2022-02-21T21:00:00-00:00,2022-02-21T22:00:00-00:00,2022-02-21,14,AEC300_1_N001,LMP,19.7258,106
2022-02-21T22:00:00-00:00,2022-02-21T23:00:00-00:00,2022-02-21,15,AEC300_1_N001,LMP,20.10041,106
2022-02-21T23:00:00-00:00,2022-02-22T00:00:00-00:00,2022-02-21,16,AEC300_1_N001,LMP,27.44059,106
2022-02-22T00:00:00-00:00,2022-02-22T01:00:00-00:00,2022-02-21,17,AEC300_1_N001,LMP,43.45174,106
2022-02-22T01:00:00-00:00,2022-02-22T02:00:00-00:00,2022-02-21,18,AEC300_1_N001,LMP,65.27322,106
2022-02-22T02:00:00-00:00,2022-02-22T03:00:00-00:00,2022-02-21,19,AEC300_1_N001,LMP,75.55522,106
2022-02-22T03:00:00-00:00,2022-02-22T04:00:00-00:00,2022-02-21,20,AEC300_1_N001,LMP,67.19351,106
2022-02-22T04:00:00-00:00,2022-02-22T05:00:00-00:00,2022-02-21,21,AEC300_1_N001,LMP,64.19676,106
2022-02-22T05:00:00-00:00,2022-02-22T06:00:00-00:00,2022-02-21,22,AEC300_1_N001,LMP,55.18453,106
2022-02-22T06:00:00-00:00,2022-02-22T07:00:00-00:00,2022-02-21,23,AEC300_1_N001,LMP,49.50911,106
2022-02-22T07:00:00-00:00,2022-02-22T08:00:00-00:00,2022-02-21,24,AEC300_1_N001,LMP,47.25165,106
2022-02-22T08:00:00-00:00,2022-02-22T09:00:00-00:00,2022-02-22,1,AEC300_1_N001,LMP,44.23136,111
2022-02-22T09:00:00-00:00,2022-02-22T10:00:00-00:00,2022-02-22,2,AEC300_1_N001,LMP,43.03579,111
2022-02-22T10:00:00-00:00,2022-02-22T11:00:00-00:00,2022-02-22,3,AEC300_1_N001,LMP,42.89073,111
2022-02-22T11:00:00-00:00,2022-02-22T12:00:00-00:00,2022-02-22,4,AEC300_1_N001,LMP,42.95802,111
2022-02-22T12:00:00-00:00,2022-02-22T13:00:00-00:00,2022-02-22,5,AEC300_1_N001,LMP,45.19659,111
2022-02-22T13:00:00-00:00,2022-02-22T14:00:00-00:00,2022-02-22,6,AEC300_1_N001,LMP,53.95924,111
2022-02-22T14:00:00-00:00,2022-02-22T15:00:00-00:00,2022-02-22,7,AEC300_1_N001,LMP,75.213,111
2022-02-22T15:00:00-00:00,2022-02-22T16:00:00-00:00,2022-02-22,8,AEC300_1_N001,LMP,63.04554,111
2022-02-22T16:00:00-00:00,2022-02-22T17:00:00-00:00,2022-02-22,9,AEC300_1_N001,LMP,46.43581,111
2022-02-22T17:00:00-00:00,2022-02-22T18:00:00-00:00,2022-02-22,10,AEC300_1_N001,LMP,43.23174,111
2022-02-22T18:00:00-00:00,2022-02-22T19:00:00-00:00,2022-02-22,11,AEC300_1_N001,LMP,43.44367,111
2022-02-22T19:00:00-00:00,2022-02-22T20:00:00-00:00,2022-02-22,12,AEC300_1_N001,LMP,37.57805,111
2022-02-22T20:00:00-00:00,2022-02-22T21:00:00-00:00,2022-02-22,13,AEC300_1_N001,LMP,38.56125,111
2022-02-22T21:00:00-00:00,2022-02-22T22:00:00-00:00,2022-02-22,14,AEC300_1_N001,LMP,37.9957,111
2022-02-22T22:00:00-00:00,2022-02-22T23:00:00-00:00,2022-02-22,15,AEC300_1_N001,LMP,38.9705,111
2022-02-22T23:00:00-00:00,2022-02-23T00:00:00-00:00,2022-02-22,16,AEC300_1_N001,LMP,40.50833,111
2022-02-23T00:00:00-00:00,2022-02-23T01:00:00-00:00,2022-02-22,17,AEC300_1_N001,LMP,54.93464,111
2022-02-23T01:00:00-00:00,2022-02-23T02:00:00-00:00,2022-02-22,18,AEC300_1_N001,LMP,75.62089,111
2022-02-23T02:00:00-00:00,2022-02-23T03:00:00-00:00,2022-02-22,19,AEC300_1_N001,LMP,86.20329,111
2022-02-23T03:00:00-00:00,2022-02-23T04:00:00-00:00,2022-02-22,20,AEC300_1_N001,LMP,81.73233,111
2022-02-23T04:00:00-00:00,2022-02-23T05:00:00-00:00,2022-02-22,21,AEC300_1_N001,LMP,70.61994,111
2022-02-23T05:00:00-00:00,2022-02-23T06:00:00-00:00,2022-02-22,22,AEC300_1_N001,LMP,62.57976,111
2022-02-23T06:00:00-00:00,2022-02-23T07:00:00-00:00,2022-02-22,23,AEC300_1_N001,LMP,54.15734,111
2022-02-23T07:00:00-00:00,2022-02-23T08:00:00-00:00,2022-02-22,24,AEC300_1_N001,LMP,49.78773,111
2022-02-23T08:00:00-00:00,2022-02-23T09:00:00-00:00,2022-02-23,1,AEC300_1_N001,LMP,50.92955,116
2022-02-23T09:00:00-00:00,2022-02-23T10:00:00-00:00,2022-02-23,2,AEC300_1_N001,LMP,50.58743,116
2022-02-23T10:00:00-00:00,2022-02-23T11:00:00-00:00,2022-02-23,3,AEC300_1_N001,LMP,50.26378,116
2022-02-23T11:00:00-00:00,2022-02-23T12:00:00-00:00,2022-02-23,4,AEC300_1_N001,LMP,50.28401,116
2022-02-23T12:00:00-00:00,2022-02-23T13:00:00-00:00,2022-02-23,5,AEC300_1_N001,LMP,52.08037,116
2022-02-23T13:00:00-00:00,2022-02-23T14:00:00-00:00,2022-02-23,6,AEC300_1_N001,LMP,62.06959,116
2022-02-23T14:00:00-00:00,2022-02-23T15:00:00-00:00,2022-02-23,7,AEC300_1_N001,LMP,90.54,116
2022-02-23T15:00:00-00:00,2022-02-23T16:00:00-00:00,2022-02-23,8,AEC300_1_N001,LMP,71.61989,116
2022-02-23T16:00:00-00:00,2022-02-23T17:00:00-00:00,2022-02-23,9,AEC300_1_N001,LMP,54.72195,116
2022-02-23T17:00:00-00:00,2022-02-23T18:00:00-00:00,2022-02-23,10,AEC300_1_N001,LMP,48.69938,116
2022-02-23T18:00:00-00:00,2022-02-23T19:00:00-00:00,2022-02-23,11,AEC300_1_N001,LMP,48.27325,116
2022-02-23T19:00:00-00:00,2022-02-23T20:00:00-00:00,2022-02-23,12,AEC300_1_N001,LMP,39.98354,116
2022-02-23T20:00:00-00:00,2022-02-23T21:00:00-00:00,2022-02-23,13,AEC300_1_N001,LMP,37.11868,116
2022-02-23T21:00:00-00:00,2022-02-23T22:00:00-00:00,2022-02-23,14,AEC300_1_N001,LMP,35.00468,116
2022-02-23T22:00:00-00:00,2022-02-23T23:00:00-00:00,2022-02-23,15,AEC300_1_N001,LMP,36.90149,116
2022-02-23T23:00:00-00:00,2022-02-24T00:00:00-00:00,2022-02-23,16,AEC300_1_N001,LMP,41.16208,116
2022-02-24T00:00:00-00:00,2022-02-24T01:00:00-00:00,2022-02-23,17,AEC300_1_N001,LMP,55.68556,116
2022-02-24T01:00:00-00:00,2022-02-24T02:00:00-00:00,2022-02-23,18,AEC300_1_N001,LMP,80.29233,116
2022-02-24T02:00:00-00:00,2022-02-24T03:00:00-00:00,2022-02-23,19,AEC300_1_N001,LMP,93.931,116
2022-02-24T03:00:00-00:00,2022-02-24T04:00:00-00:00,2022-02-23,20,AEC300_1_N001,LMP,90.658,116
2022-02-24T04:00:00-00:00,2022-02-24T05:00:00-00:00,2022-02-23,21,AEC300_1_N001,LMP,81.27429,116
2022-02-24T05:00:00-00:00,2022-02-24T06:00:00-00:00,2022-02-23,22,AEC300_1_N001,LMP,76.90194,116
2022-02-24T06:00:00-00:00,2022-02-24T07:00:00-00:00,2022-02-23,23,AEC300_1_N001,LMP,61.22294,116
2022-02-24T07:00:00-00:00,2022-02-24T08:00:00-00:00,2022-02-23,24,AEC300_1_N001,LMP,56.56852,116
2022-02-24T08:00:00-00:00,2022-02-24T09:00:00-00:00,2022-02-24,1,AEC300_1_N001,LMP,77.31501,121
2022-02-24T09:00:00-00:00,2022-02-24T10:00:00-00:00,2022-02-24,2,AEC300_1_N001,LMP,73.42841,121
2022-02-24T10:00:00-00:00,2022-02-24T11:00:00-00:00,2022-02-24,3,AEC300_1_N001,LMP,73.22221,121
2022-02-24T11:00:00-00:00,2022-02-24T12:00:00-00:00,2022-02-24,4,AEC300_1_N001,LMP,68.38859,121
2022-02-24T12:00:00-00:00,2022-02-24T13:00:00-00:00,2022-02-24,5,AEC300_1_N001,LMP,76.26661,121
2022-02-24T13:00:00-00:00,2022-02-24T14:00:00-00:00,2022-02-24,6,AEC300_1_N001,LMP,85.18017,121
2022-02-24T14:00:00-00:00,2022-02-24T15:00:00-00:00,2022-02-24,7,AEC300_1_N001,LMP,104.83,121
2022-02-24T15:00:00-00:00,2022-02-24T16:00:00-00:00,2022-02-24,8,AEC300_1_N001,LMP,80.06374,121
2022-02-24T16:00:00-00:00,2022-02-24T17:00:00-00:00,2022-02-24,9,AEC300_1_N001,LMP,59.33755,121
2022-02-24T17:00:00-00:00,2022-02-24T18:00:00-00:00,2022-02-24,10,AEC300_1_N001,LMP,51.64742,121
2022-02-24T18:00:00-00:00,2022-02-24T19:00:00-00:00,2022-02-24,11,AEC300_1_N001,LMP,49.8386,121
2022-02-24T19:00:00-00:00,2022-02-24T20:00:00-00:00,2022-02-24,12,AEC300_1_N001,LMP,45.23418,121
2022-02-24T20:00:00-00:00,2022-02-24T21:00:00-00:00,2022-02-24,13,AEC300_1_N001,LMP,41.91291,121
2022-02-24T21:00:00-00:00,2022-02-24T22:00:00-00:00,2022-02-24,14,AEC300_1_N001,LMP,40.3093,121
2022-02-24T22:00:00-00:00,2022-02-24T23:00:00-00:00,2022-02-24,15,AEC300_1_N001,LMP,34.97809,121
2022-02-24T23:00:00-00:00,2022-02-25T00:00:00-00:00,2022-02-24,16,AEC300_1_N001,LMP,45.00104,121
2022-02-25T00:00:00-00:00,2022-02-25T01:00:00-00:00,2022-02-24,17,AEC300_1_N001,LMP,63.42597,121
2022-02-25T01:00:00-00:00,2022-02-25T02:00:00-00:00,2022-02-24,18,AEC300_1_N001,LMP,83.39717,121
2022-02-25T02:00:00-00:00,2022-02-25T03:00:00-00:00,2022-02-24,19,AEC300_1_N001,LMP,101.47605,121
2022-02-25T03:00:00-00:00,2022-02-25T04:00:00-00:00,2022-02-24,20,AEC300_1_N001,LMP,85.71228,121
2022-02-25T04:00:00-00:00,2022-02-25T05:00:00-00:00,2022-02-24,21,AEC300_1_N001,LMP,83.53187,121
2022-02-25T05:00:00-00:00,2022-02-25T06:00:00-00:00,2022-02-24,22,AEC300_1_N001,LMP,80.61048,121
2022-02-25T06:00:00-00:00,2022-02-25T07:00:00-00:00,2022-02-24,23,AEC300_1_N001,LMP,75.12201,121
2022-02-25T07:00:00-00:00,2022-02-25T08:00:00-00:00,2022-02-24,24,AEC300_1_N001,LMP,69.07779,121
2022-02-25T08:00:00-00:00,2022-02-25T09:00:00-00:00,2022-02-25,1,AEC300_1_N001,LMP,62.14455,126
2022-02-25T09:00:00-00:00,2022-02-25T10:00:00-00:00,2022-02-25,2,AEC300_1_N001,LMP,59.11734,126
2022-02-25T10:00:00-00:00,2022-02-25T11:00:00-00:00,2022-02-25,3,AEC300_1_N001,LMP,57.39809,126
2022-02-25T11:00:00-00:00,2022-02-25T12:00:00-00:00,2022-02-25,4,AEC300_1_N001,LMP,57.82064,126
2022-02-25T12:00:00-00:00,2022-02-25T13:00:00-00:00,2022-02-25,5,AEC300_1_N001,LMP,62.4975,126
2022-02-25T13:00:00-00:00,2022-02-25T14:00:00-00:00,2022-02-25,6,AEC300_1_N001,LMP,74.62126,126
2022-02-25T14:00:00-00:00,2022-02-25T15:00:00-00:00,2022-02-25,7,AEC300_1_N001,LMP,98.88482,126
2022-02-25T15:00:00-00:00,2022-02-25T16:00:00-00:00,2022-02-25,8,AEC300_1_N001,LMP,71.56,126
2022-02-25T16:00:00-00:00,2022-02-25T17:00:00-00:00,2022-02-25,9,AEC300_1_N001,LMP,57.8081,126
2022-02-25T17:00:00-00:00,2022-02-25T18:00:00-00:00,2022-02-25,10,AEC300_1_N001,LMP,48.45456,126
2022-02-25T18:00:00-00:00,2022-02-25T19:00:00-00:00,2022-02-25,11,AEC300_1_N001,LMP,49.96722,126
2022-02-25T19:00:00-00:00,2022-02-25T20:00:00-00:00,2022-02-25,12,AEC300_1_N001,LMP,43.05537,126
2022-02-25T20:00:00-00:00,2022-02-25T21:00:00-00:00,2022-02-25,13,AEC300_1_N001,LMP,39.67208,126
2022-02-25T21:00:00-00:00,2022-02-25T22:00:00-00:00,2022-02-25,14,AEC300_1_N001,LMP,33.12621,126
2022-02-25T22:00:00-00:00,2022-02-25T23:00:00-00:00,2022-02-25,15,AEC300_1_N001,LMP,35.17088,126
2022-02-25T23:00:00-00:00,2022-02-26T00:00:00-00:00,2022-02-25,16,AEC300_1_N001,LMP,42.70022,126
2022-02-26T00:00:00-00:00,2022-02-26T01:00:00-00:00,2022-02-25,17,AEC300_1_N001,LMP,57.11615,126
2022-02-26T01:00:00-00:00,2022-02-26T02:00:00-00:00,2022-02-25,18,AEC300_1_N001,LMP,79.09834,126
2022-02-26T02:00:00-00:00,2022-02-26T03:00:00-00:00,2022-02-25,19,AEC300_1_N001,LMP,88.89181,126
2022-02-26T03:00:00-00:00,2022-02-26T04:00:00-00:00,2022-02-25,20,AEC300_1_N001,LMP,82.5707,126
2022-02-26T04:00:00-00:00,2022-02-26T05:00:00-00:00,2022-02-25,21,AEC300_1_N001,LMP,79.17959,126
2022-02-26T05:00:00-00:00,2022-02-26T06:00:00-00:00,2022-02-25,22,AEC300_1_N001,LMP,76.82327,126
2022-02-26T06:00:00-00:00,2022-02-26T07:00:00-00:00,2022-02-25,23,AEC300_1_N001,LMP,68.59537,126
2022-02-26T07:00:00-00:00,2022-02-26T08:00:00-00:00,2022-02-25,24,AEC300_1_N001,LMP,63.33569,126
2022-02-26T08:00:00-00:00,2022-02-26T09:00:00-00:00,2022-02-26,1,AEC300_1_N001,LMP,53.44883,131
2022-02-26T09:00:00-00:00,2022-02-26T10:00:00-00:00,2022-02-26,2,AEC300_1_N001,LMP,50.68071,131
2022-02-26T10:00:00-00:00,2022-02-26T11:00:00-00:00,2022-02-26,3,AEC300_1_N001,LMP,48.95095,131
2022-02-26T11:00:00-00:00,2022-02-26T12:00:00-00:00,2022-02-26,4,AEC300_1_N001,LMP,48.39016,131
2022-02-26T12:00:00-00:00,2022-02-26T13:00:00-00:00,2022-02-26,5,AEC300_1_N001,LMP,51.91009,131
2022-02-26T13:00:00-00:00,2022-02-26T14:00:00-00:00,2022-02-26,6,AEC300_1_N001,LMP,58.13421,131
2022-02-26T14:00:00-00:00,2022-02-26T15:00:00-00:00,2022-02-26,7,AEC300_1_N001,LMP,64.39558,131
2022-02-26T15:00:00-00:00,2022-02-26T16:00:00-00:00,2022-02-26,8,AEC300_1_N001,LMP,52.54973,131
2022-02-26T16:00:00-00:00,2022-02-26T17:00:00-00:00,2022-02-26,9,AEC300_1_N001,LMP,46.49587,131
2022-02-26T17:00:00-00:00,2022-02-26T18:00:00-00:00,2022-02-26,10,AEC300_1_N001,LMP,38.53033,131
2022-02-26T18:00:00-00:00,2022-02-26T19:00:00-00:00,2022-02-26,11,AEC300_1_N001,LMP,35.08178,131
2022-02-26T19:00:00-00:00,2022-02-26T20:00:00-00:00,2022-02-26,12,AEC300_1_N001,LMP,29.2035,131
2022-02-26T20:00:00-00:00,2022-02-26T21:00:00-00:00,2022-02-26,13,AEC300_1_N001,LMP,25.94369,131
2022-02-26T21:00:00-00:00,2022-02-26T22:00:00-00:00,2022-02-26,14,AEC300_1_N001,LMP,22.79505,131
2022-02-26T22:00:00-00:00,2022-02-26T23:00:00-00:00,2022-02-26,15,AEC300_1_N001,LMP,24.82248,131
2022-02-26T23:00:00-00:00,2022-02-27T00:00:00-00:00,2022-02-26,16,AEC300_1_N001,LMP,34.33715,131
2022-02-27T00:00:00-00:00,2022-02-27T01:00:00-00:00,2022-02-26,17,AEC300_1_N001,LMP,48.68584,131
2022-02-27T01:00:00-00:00,2022-02-27T02:00:00-00:00,2022-02-26,18,AEC300_1_N001,LMP,68.27687,131
2022-02-27T02:00:00-00:00,2022-02-27T03:00:00-00:00,2022-02-26,19,AEC300_1_N001,LMP,79.28844,131
2022-02-27T03:00:00-00:00,2022-02-27T04:00:00-00:00,2022-02-26,20,AEC300_1_N001,LMP,68.19184,131
2022-02-27T04:00:00-00:00,2022-02-27T05:00:00-00:00,2022-02-26,21,AEC300_1_N001,LMP,68.46959,131
2022-02-27T05:00:00-00:00,2022-02-27T06:00:00-00:00,2022-02-26,22,AEC300_1_N001,LMP,63.11879,131
2022-02-27T06:00:00-00:00,2022-02-27T07:00:00-00:00,2022-02-26,23,AEC300_1_N001,LMP,57.83251,131
2022-02-27T07:00:00-00:00,2022-02-27T08:00:00-00:00,2022-02-26,24,AEC300_1_N001,LMP,54.69988,131
2022-02-27T08:00:00-00:00,2022-02-27T09:00:00-00:00,2022-02-27,1,AEC300_1_N001,LMP,48.16225,136
2022-02-27T09:00:00-00:00,2022-02-27T10:00:00-00:00,2022-02-27,2,AEC300_1_N001,LMP,48.31355,136
2022-02-27T10:00:00-00:00,2022-02-27T11:00:00-00:00,2022-02-27,3,AEC300_1_N001,LMP,48.26419,136
2022-02-27T11:00:00-00:00,2022-02-27T12:00:00-00:00,2022-02-27,4,AEC300_1_N001,LMP,48.19297,136
2022-02-27T12:00:00-00:00,2022-02-27T13:00:00-00:00,2022-02-27,5,AEC300_1_N001,LMP,48.5347,136
2022-02-27T13:00:00-00:00,2022-02-27T14:00:00-00:00,2022-02-27,6,AEC300_1_N001,LMP,50.4893,136
2022-02-27T14:00:00-00:00,2022-02-27T15:00:00-00:00,2022-02-27,7,AEC300_1_N001,LMP,55.86178,136
2022-02-27T15:00:00-00:00,2022-02-27T16:00:00-00:00,2022-02-27,8,AEC300_1_N001,LMP,45.57774,136
2022-02-27T16:00:00-00:00,2022-02-27T17:00:00-00:00,2022-02-27,9,AEC300_1_N001,LMP,38.73513,136
2022-02-27T17:00:00-00:00,2022-02-27T18:00:00-00:00,2022-02-27,10,AEC300_1_N001,LMP,27.52763,136
2022-02-27T18:00:00-00:00,2022-02-27T19:00:00-00:00,2022-02-27,11,AEC300_1_N001,LMP,20.63641,136
2022-02-27T19:00:00-00:00,2022-02-27T20:00:00-00:00,2022-02-27,12,AEC300_1_N001,LMP,16.30162,136
2022-02-27T20:00:00-00:00,2022-02-27T21:00:00-00:00,2022-02-27,13,AEC300_1_N001,LMP,15.6916,136
2022-02-27T21:00:00-00:00,2022-02-27T22:00:00-00:00,2022-02-27,14,AEC300_1_N001,LMP,12.94533,136
2022-02-27T22:00:00-00:00,2022-02-27T23:00:00-00:00,2022-02-27,15,AEC300_1_N001,LMP,15.04081,136
2022-02-27T23:00:00-00:00,2022-02-28T00:00:00-00:00,2022-02-27,16,AEC300_1_N001,LMP,24.66545,136
2022-02-28T00:00:00-00:00,2022-02-28T01:00:00-00:00,2022-02-27,17,AEC300_1_N001,LMP,47.10151,136
2022-02-28T01:00:00-00:00,2022-02-28T02:00:00-00:00,2022-02-27,18,AEC300_1_N001,LMP,64.14174,136
2022-02-28T02:00:00-00:00,2022-02-28T03:00:00-00:00,2022-02-27,19,AEC300_1_N001,LMP,75.58638,136
2022-02-28T03:00:00-00:00,2022-02-28T04:00:00-00:00,2022-02-27,20,AEC300_1_N001,LMP,64.05854,136
2022-02-28T04:00:00-00:00,2022-02-28T05:00:00-00:00,2022-02-27,21,AEC300_1_N001,LMP,63.38768,136
2022-02-28T05:00:00-00:00,2022-02-28T06:00:00-00:00,2022-02-27,22,AEC300_1_N001,LMP,58.53109,136
2022-02-28T06:00:00-00:00,2022-02-28T07:00:00-00:00,2022-02-27,23,AEC300_1_N001,LMP,52.54122,136
2022-02-28T07:00:00-00:00,2022-02-28T08:00:00-00:00,2022-02-27,24,AEC300_1_N001,LMP,48.49752,136
2022-02-28T08:00:00-00:00,2022-02-28T09:00:00-00:00,2022-02-28,1,AEC300_1_N001,LMP,48.3969,141
2022-02-28T09:00:00-00:00,2022-02-28T10:00:00-00:00,2022-02-28,2,AEC300_1_N001,LMP,47.31977,141
2022-02-28T10:00:00-00:00,2022-02-28T11:00:00-00:00,2022-02-28,3,AEC300_1_N001,LMP,47.28276,141
2022-02-28T11:00:00-00:00,2022-02-28T12:00:00-00:00,2022-02-28,4,AEC300_1_N001,LMP,46.82528,141
2022-02-28T12:00:00-00:00,2022-02-28T13:00:00-00:00,2022-02-28,5,AEC300_1_N001,LMP,48.43169,141
2022-02-28T13:00:00-00:00,2022-02-28T14:00:00-00:00,2022-02-28,6,AEC300_1_N001,LMP,57.33469,141
2022-02-28T14:00:00-00:00,2022-02-28T15:00:00-00:00,2022-02-28,7,AEC300_1_N001,LMP,75.57854,141
2022-02-28T15:00:00-00:00,2022-02-28T16:00:00-00:00,2022-02-28,8,AEC300_1_N001,LMP,51.419,141
2022-02-28T16:00:00-00:00,2022-02-28T17:00:00-00:00,2022-02-28,9,AEC300_1_N001,LMP,48.31912,141
2022-02-28T17:00:00-00:00,2022-02-28T18:00:00-00:00,2022-02-28,10,AEC300_1_N001,LMP,40.48505,141
2022-02-28T18:00:00-00:00,2022-02-28T19:00:00-00:00,2022-02-28,11,AEC300_1_N001,LMP,38.68839,141
2022-02-28T19:00:00-00:00,2022-02-28T20:00:00-00:00,2022-02-28,12,AEC300_1_N001,LMP,33.03056,141
2022-02-28T20:00:00-00:00,2022-02-28T21:00:00-00:00,2022-02-28,13,AEC300_1_N001,LMP,33.62777,141
2022-02-28T21:00:00-00:00,2022-02-28T22:00:00-00:00,2022-02-28,14,AEC300_1_N001,LMP,31.68624,141
2022-02-28T22:00:00-00:00,2022-02-28T23:00:00-00:00,2022-02-28,15,AEC300_1_N001,LMP,32.92982,141
2022-02-28T23:00:00-00:00,2022-03-01T00:00:00-00:00,2022-02-28,16,AEC300_1_N001,LMP,40.25267,141
2022-03-01T00:00:00-00:00,2022-03-01T01:00:00-00:00,2022-02-28,17,AEC300_1_N001,LMP,49.52949,141
2022-03-01T01:00:00-00:00,2022-03-01T02:00:00-00:00,2022-02-28,18,AEC300_1_N001,LMP,74.26989,141
2022-03-01T02:00:00-00:00,2022-03-01T03:00:00-00:00,2022-02-28,19,AEC300_1_N001,LMP,81.41984,141
2022-03-01T03:00:00-00:00,2022-03-01T04:00:00-00:00,2022-02-28,20,AEC300_1_N001,LMP,69.38506,141
2022-03-01T04:00:00-00:00,2022-03-01T05:00:00-00:00,2022-02-28,21,AEC300_1_N001,LMP,64.49971,141
2022-03-01T05:00:00-00:00,2022-03-01T06:00:00-00:00,2022-02-28,22,AEC300_1_N001,LMP,59.6899,141
2022-03-01T06:00:00-00:00,2022-03-01T07:00:00-00:00,2022-02-28,23,AEC300_1_N001,LMP,53.4568,141
2022-03-01T07:00:00-00:00,2022-03-01T08:00:00-00:00,2022-02-28,24,AEC300_1_N001,LMP,50.0045,141
