INTERVALSTARTTIME_GMT,INTERVALENDTIME_GMT,OPR_DT,OPR_HR,NODE_ID,MW,GROUP
2022-01-01T08:00:00-00:00,2022-01-01T09:00:00-00:00,2022-01-01,1,BRUNSWCK_1_N101,60.60533,1
2022-01-01T09:00:00-00:00,2022-01-01T10:00:00-00:00,2022-01-01,2,BRUNSWCK_1_N101,61.33946,1
2022-01-01T10:00:00-00:00,2022-01-01T11:00:00-00:00,2022-01-01,3,BRUNSWCK_1_N101,57.65024,1
2022-01-01T11:00:00-00:00,2022-01-01T12:00:00-00:00,2022-01-01,4,BRUNSWCK_1_N101,58.25028,1
2022-01-01T12:00:00-00:00,2022-01-01T13:00:00-00:00,2022-01-01,5,BRUNSWCK_1_N101,60.27506,1
2022-01-01T13:00:00-00:00,2022-01-01T14:00:00-00:00,2022-01-01,6,BRUNSWCK_1_N101,75.18853,1
2022-01-01T14:00:00-00:00,2022-01-01T15:00:00-00:00,2022-01-01,7,BRUNSWCK_1_N101,83.74276,1
2022-01-01T15:00:00-00:00,2022-01-01T16:00:00-00:00,2022-01-01,8,BRUNSWCK_1_N101,77.22009,1
2022-01-01T16:00:00-00:00,2022-01-01T17:00:00-00:00,2022-01-01,9,BRUNSWCK_1_N101,56.15846,1
2022-01-01T17:00:00-00:00,2022-01-01T18:00:00-00:00,2022-01-01,10,BRUNSWCK_1_N101,42.05014,1
2022-01-01T18:00:00-00:00,2022-01-01T19:00:00-00:00,2022-01-01,11,BRUNSWCK_1_N101,39.85298,1
2022-01-01T19:00:00-00:00,2022-01-01T20:00:00-00:00,2022-01-01,12,BRUNSWCK_1_N101,29.61524,1
2022-01-01T20:00:00-00:00,2022-01-01T21:00:00-00:00,2022-01-01,13,BRUNSWCK_1_N101,28.66367,1
2022-01-01T21:00:00-00:00,2022-01-01T22:00:00-00:00,2022-01-01,14,BRUNSWCK_1_N101,30.82976,1
2022-01-01T22:00:00-00:00,2022-01-01T23:00:00-00:00,2022-01-01,15,BRUNSWCK_1_N101,33.60342,1
2022-01-01T23:00:00-00:00,2022-01-02T00:00:00-00:00,2022-01-01,16,BRUNSWCK_1_N101,56.7902,1
2022-01-02T00:00:00-00:00,2022-01-02T01:00:00-00:00,2022-01-01,17,BRUNSWCK_1_N101,84.02566,1
2022-01-02T01:00:00-00:00,2022-01-02T02:00:00-00:00,2022-01-01,18,BRUNSWCK_1_N101,92.77236,1
2022-01-02T02:00:00-00:00,2022-01-02T03:00:00-00:00,2022-01-01,19,BRUNSWCK_1_N101,93.05353,1
2022-01-02T03:00:00-00:00,2022-01-02T04:00:00-00:00,2022-01-01,20,BRUNSWCK_1_N101,89.12308,1
2022-01-02T04:00:00-00:00,2022-01-02T05:00:00-00:00,2022-01-01,21,BRUNSWCK_1_N101,82.76555,1
2022-01-02T05:00:00-00:00,2022-01-02T06:00:00-00:00,2022-01-01,22,BRUNSWCK_1_N101,79.05843,1
2022-01-02T06:00:00-00:00,2022-01-02T07:00:00-00:00,2022-01-01,23,BRUNSWCK_1_N101,76.27392,1
2022-01-02T07:00:00-00:00,2022-01-02T08:00:00-00:00,2022-01-01,24,BRUNSWCK_1_N101,65.76228,1
2022-01-02T08:00:00-00:00,2022-01-02T09:00:00-00:00,2022-01-02,1,BRUNSWCK_1_N101,66.33991,6
2022-01-02T09:00:00-00:00,2022-01-02T10:00:00-00:00,2022-01-02,2,BRUNSWCK_1_N101,63.29117,6
2022-01-02T10:00:00-00:00,2022-01-02T11:00:00-00:00,2022-01-02,3,BRUNSWCK_1_N101,63.80768,6
2022-01-02T11:00:00-00:00,2022-01-02T12:00:00-00:00,2022-01-02,4,BRUNSWCK_1_N101,63.25445,6
2022-01-02T12:00:00-00:00,2022-01-02T13:00:00-00:00,2022-01-02,5,BRUNSWCK_1_N101,65.122,6
2022-01-02T13:00:00-00:00,2022-01-02T14:00:00-00:00,2022-01-02,6,BRUNSWCK_1_N101,73.74304,6
2022-01-02T14:00:00-00:00,2022-01-02T15:00:00-00:00,2022-01-02,7,BRUNSWCK_1_N101,76.71205,6
2022-01-02T15:00:00-00:00,2022-01-02T16:00:00-00:00,2022-01-02,8,BRUNSWCK_1_N101,73.2799,6
2022-01-02T16:00:00-00:00,2022-01-02T17:00:00-00:00,2022-01-02,9,BRUNSWCK_1_N101,53.49998,6
2022-01-02T17:00:00-00:00,2022-01-02T18:00:00-00:00,2022-01-02,10,BRUNSWCK_1_N101,41.99714,6
2022-01-02T18:00:00-00:00,2022-01-02T19:00:00-00:00,2022-01-02,11,BRUNSWCK_1_N101,34.58531,6
2022-01-02T19:00:00-00:00,2022-01-02T20:00:00-00:00,2022-01-02,12,BRUNSWCK_1_N101,29.12788,6
2022-01-02T20:00:00-00:00,2022-01-02T21:00:00-00:00,2022-01-02,13,BRUNSWCK_1_N101,27.49223,6
2022-01-02T21:00:00-00:00,2022-01-02T22:00:00-00:00,2022-01-02,14,BRUNSWCK_1_N101,29.48451,6
2022-01-02T22:00:00-00:00,2022-01-02T23:00:00-00:00,2022-01-02,15,BRUNSWCK_1_N101,32.66881,6
2022-01-02T23:00:00-00:00,2022-01-03T00:00:00-00:00,2022-01-02,16,BRUNSWCK_1_N101,53.83453,6
2022-01-03T00:00:00-00:00,2022-01-03T01:00:00-00:00,2022-01-02,17,BRUNSWCK_1_N101,76.53158,6
2022-01-03T01:00:00-00:00,2022-01-03T02:00:00-00:00,2022-01-02,18,BRUNSWCK_1_N101,91.72283,6
2022-01-03T02:00:00-00:00,2022-01-03T03:00:00-00:00,2022-01-02,19,BRUNSWCK_1_N101,88.76166,6
2022-01-03T03:00:00-00:00,2022-01-03T04:00:00-00:00,2022-01-02,20,BRUNSWCK_1_N101,87.67934,6
2022-01-03T04:00:00-00:00,2022-01-03T05:00:00-00:00,2022-01-02,21,BRUNSWCK_1_N101,83.04353,6
2022-01-03T05:00:00-00:00,2022-01-03T06:00:00-00:00,2022-01-02,22,BRUNSWCK_1_N101,76.10411,6
2022-01-03T06:00:00-00:00,2022-01-03T07:00:00-00:00,2022-01-02,23,BRUNSWCK_1_N101,70.33962,6
2022-01-03T07:00:00-00:00,2022-01-03T08:00:00-00:00,2022-01-02,24,BRUNSWCK_1_N101,69.08662,6
2022-01-03T08:00:00-00:00,2022-01-03T09:00:00-00:00,2022-01-03,1,BRUNSWCK_1_N101,66.76502,11
2022-01-03T09:00:00-00:00,2022-01-03T10:00:00-00:00,2022-01-03,2,BRUNSWCK_1_N101,66.79328,11
2022-01-03T10:00:00-00:00,2022-01-03T11:00:00-00:00,2022-01-03,3,BRUNSWCK_1_N101,65.16404,11
2022-01-03T11:00:00-00:00,2022-01-03T12:00:00-00:00,2022-01-03,4,BRUNSWCK_1_N101,64.2989,11
2022-01-03T12:00:00-00:00,2022-01-03T13:00:00-00:00,2022-01-03,5,BRUNSWCK_1_N101,66.54,11
2022-01-03T13:00:00-00:00,2022-01-03T14:00:00-00:00,2022-01-03,6,BRUNSWCK_1_N101,77.25501,11
2022-01-03T14:00:00-00:00,2022-01-03T15:00:00-00:00,2022-01-03,7,BRUNSWCK_1_N101,104.44634,11
2022-01-03T15:00:00-00:00,2022-01-03T16:00:00-00:00,2022-01-03,8,BRUNSWCK_1_N101,102.01821,11
2022-01-03T16:00:00-00:00,2022-01-03T17:00:00-00:00,2022-01-03,9,BRUNSWCK_1_N101,76.75652,11
2022-01-03T17:00:00-00:00,2022-01-03T18:00:00-00:00,2022-01-03,10,BRUNSWCK_1_N101,67.78285,11
2022-01-03T18:00:00-00:00,2022-01-03T19:00:00-00:00,2022-01-03,11,BRUNSWCK_1_N101,62.67826,11
2022-01-03T19:00:00-00:00,2022-01-03T20:00:00-00:00,2022-01-03,12,BRUNSWCK_1_N101,59.14971,11
2022-01-03T20:00:00-00:00,2022-01-03T21:00:00-00:00,2022-01-03,13,BRUNSWCK_1_N101,56.84917,11
2022-01-03T21:00:00-00:00,2022-01-03T22:00:00-00:00,2022-01-03,14,BRUNSWCK_1_N101,55.96636,11
2022-01-03T22:00:00-00:00,2022-01-03T23:00:00-00:00,2022-01-03,15,BRUNSWCK_1_N101,57.13432,11
2022-01-03T23:00:00-00:00,2022-01-04T00:00:00-00:00,2022-01-03,16,BRUNSWCK_1_N101,62.15965,11
2022-01-04T00:00:00-00:00,2022-01-04T01:00:00-00:00,2022-01-03,17,BRUNSWCK_1_N101,90.70721,11
2022-01-04T01:00:00-00:00,2022-01-04T02:00:00-00:00,2022-01-03,18,BRUNSWCK_1_N101,121.40238,11
2022-01-04T02:00:00-00:00,2022-01-04T03:00:00-00:00,2022-01-03,19,BRUNSWCK_1_N101,108.98287,11
2022-01-04T03:00:00-00:00,2022-01-04T04:00:00-00:00,2022-01-03,20,BRUNSWCK_1_N101,99.19252,11
2022-01-04T04:00:00-00:00,2022-01-04T05:00:00-00:00,2022-01-03,21,BRUNSWCK_1_N101,89.90279,11
2022-01-04T05:00:00-00:00,2022-01-04T06:00:00-00:00,2022-01-03,22,BRUNSWCK_1_N101,78.27979,11
2022-01-04T06:00:00-00:00,2022-01-04T07:00:00-00:00,2022-01-03,23,BRUNSWCK_1_N101,74.56532,11
2022-01-04T07:00:00-00:00,2022-01-04T08:00:00-00:00,2022-01-03,24,BRUNSWCK_1_N101,67.73581,11
2022-01-04T08:00:00-00:00,2022-01-04T09:00:00-00:00,2022-01-04,1,BRUNSWCK_1_N101,54.30756,16
2022-01-04T09:00:00-00:00,2022-01-04T10:00:00-00:00,2022-01-04,2,BRUNSWCK_1_N101,51.73476,16
2022-01-04T10:00:00-00:00,2022-01-04T11:00:00-00:00,2022-01-04,3,BRUNSWCK_1_N101,50.92231,16
2022-01-04T11:00:00-00:00,2022-01-04T12:00:00-00:00,2022-01-04,4,BRUNSWCK_1_N101,50.76894,16
2022-01-04T12:00:00-00:00,2022-01-04T13:00:00-00:00,2022-01-04,5,BRUNSWCK_1_N101,51.42626,16
2022-01-04T13:00:00-00:00,2022-01-04T14:00:00-00:00,2022-01-04,6,BRUNSWCK_1_N101,59.71943,16
2022-01-04T14:00:00-00:00,2022-01-04T15:00:00-00:00,2022-01-04,7,BRUNSWCK_1_N101,84.6999,16
2022-01-04T15:00:00-00:00,2022-01-04T16:00:00-00:00,2022-01-04,8,BRUNSWCK_1_N101,81.92962,16
2022-01-04T16:00:00-00:00,2022-01-04T17:00:00-00:00,2022-01-04,9,BRUNSWCK_1_N101,60.77267,16
2022-01-04T17:00:00-00:00,2022-01-04T18:00:00-00:00,2022-01-04,10,BRUNSWCK_1_N101,53.50084,16
2022-01-04T18:00:00-00:00,2022-01-04T19:00:00-00:00,2022-01-04,11,BRUNSWCK_1_N101,51.31663,16
2022-01-04T19:00:00-00:00,2022-01-04T20:00:00-00:00,2022-01-04,12,BRUNSWCK_1_N101,46.36766,16
2022-01-04T20:00:00-00:00,2022-01-04T21:00:00-00:00,2022-01-04,13,BRUNSWCK_1_N101,46.18126,16
2022-01-04T21:00:00-00:00,2022-01-04T22:00:00-00:00,2022-01-04,14,BRUNSWCK_1_N101,47.0279,16
2022-01-04T22:00:00-00:00,2022-01-04T23:00:00-00:00,2022-01-04,15,BRUNSWCK_1_N101,47.88839,16
2022-01-04T23:00:00-00:00,2022-01-05T00:00:00-00:00,2022-01-04,16,BRUNSWCK_1_N101,57.98945,16
2022-01-05T00:00:00-00:00,2022-01-05T01:00:00-00:00,2022-01-04,17,BRUNSWCK_1_N101,79.29907,16
2022-01-05T01:00:00-00:00,2022-01-05T02:00:00-00:00,2022-01-04,18,BRUNSWCK_1_N101,93.13506,16
2022-01-05T02:00:00-00:00,2022-01-05T03:00:00-00:00,2022-01-04,19,BRUNSWCK_1_N101,86.28124,16
2022-01-05T03:00:00-00:00,2022-01-05T04:00:00-00:00,2022-01-04,20,BRUNSWCK_1_N101,80.08589,16
2022-01-05T04:00:00-00:00,2022-01-05T05:00:00-00:00,2022-01-04,21,BRUNSWCK_1_N101,78.47951,16
2022-01-05T05:00:00-00:00,2022-01-05T06:00:00-00:00,2022-01-04,22,BRUNSWCK_1_N101,69.02181,16
2022-01-05T06:00:00-00:00,2022-01-05T07:00:00-00:00,2022-01-04,23,BRUNSWCK_1_N101,60.75271,16
2022-01-05T07:00:00-00:00,2022-01-05T08:00:00-00:00,2022-01-04,24,BRUNSWCK_1_N101,59.18442,16
2022-01-05T08:00:00-00:00,2022-01-05T09:00:00-00:00,2022-01-05,1,BRUNSWCK_1_N101,52.74778,21
2022-01-05T09:00:00-00:00,2022-01-05T10:00:00-00:00,2022-01-05,2,BRUNSWCK_1_N101,49.63312,21
2022-01-05T10:00:00-00:00,2022-01-05T11:00:00-00:00,2022-01-05,3,BRUNSWCK_1_N101,48.56197,21
2022-01-05T11:00:00-00:00,2022-01-05T12:00:00-00:00,2022-01-05,4,BRUNSWCK_1_N101,47.99777,21
2022-01-05T12:00:00-00:00,2022-01-05T13:00:00-00:00,2022-01-05,5,BRUNSWCK_1_N101,48.31027,21
2022-01-05T13:00:00-00:00,2022-01-05T14:00:00-00:00,2022-01-05,6,BRUNSWCK_1_N101,55.85266,21
2022-01-05T14:00:00-00:00,2022-01-05T15:00:00-00:00,2022-01-05,7,BRUNSWCK_1_N101,77.84326,21
2022-01-05T15:00:00-00:00,2022-01-05T16:00:00-00:00,2022-01-05,8,BRUNSWCK_1_N101,80.79958,21
2022-01-05T16:00:00-00:00,2022-01-05T17:00:00-00:00,2022-01-05,9,BRUNSWCK_1_N101,59.29343,21
2022-01-05T17:00:00-00:00,2022-01-05T18:00:00-00:00,2022-01-05,10,BRUNSWCK_1_N101,54.91944,21
2022-01-05T18:00:00-00:00,2022-01-05T19:00:00-00:00,2022-01-05,11,BRUNSWCK_1_N101,52.07385,21
2022-01-05T19:00:00-00:00,2022-01-05T20:00:00-00:00,2022-01-05,12,BRUNSWCK_1_N101,44.97666,21
2022-01-05T20:00:00-00:00,2022-01-05T21:00:00-00:00,2022-01-05,13,BRUNSWCK_1_N101,46.48503,21
2022-01-05T21:00:00-00:00,2022-01-05T22:00:00-00:00,2022-01-05,14,BRUNSWCK_1_N101,46.63364,21
2022-01-05T22:00:00-00:00,2022-01-05T23:00:00-00:00,2022-01-05,15,BRUNSWCK_1_N101,50.55482,21
2022-01-05T23:00:00-00:00,2022-01-06T00:00:00-00:00,2022-01-05,16,BRUNSWCK_1_N101,58.72785,21
2022-01-06T00:00:00-00:00,2022-01-06T01:00:00-00:00,2022-01-05,17,BRUNSWCK_1_N101,81.48401,21
2022-01-06T01:00:00-00:00,2022-01-06T02:00:00-00:00,2022-01-05,18,BRUNSWCK_1_N101,91.56506,21
2022-01-06T02:00:00-00:00,2022-01-06T03:00:00-00:00,2022-01-05,19,BRUNSWCK_1_N101,85.25937,21
2022-01-06T03:00:00-00:00,2022-01-06T04:00:00-00:00,2022-01-05,20,BRUNSWCK_1_N101,79.61326,21
2022-01-06T04:00:00-00:00,2022-01-06T05:00:00-00:00,2022-01-05,21,BRUNSWCK_1_N101,76.11603,21
2022-01-06T05:00:00-00:00,2022-01-06T06:00:00-00:00,2022-01-05,22,BRUNSWCK_1_N101,69.88921,21
2022-01-06T06:00:00-00:00,2022-01-06T07:00:00-00:00,2022-01-05,23,BRUNSWCK_1_N101,61.3793,21
2022-01-06T07:00:00-00:00,2022-01-06T08:00:00-00:00,2022-01-05,24,BRUNSWCK_1_N101,55.75022,21
2022-01-06T08:00:00-00:00,2022-01-06T09:00:00-00:00,2022-01-06,1,BRUNSWCK_1_N101,48.20626,26
2022-01-06T09:00:00-00:00,2022-01-06T10:00:00-00:00,2022-01-06,2,BRUNSWCK_1_N101,46.54126,26
2022-01-06T10:00:00-00:00,2022-01-06T11:00:00-00:00,2022-01-06,3,BRUNSWCK_1_N101,46.38035,26
2022-01-06T11:00:00-00:00,2022-01-06T12:00:00-00:00,2022-01-06,4,BRUNSWCK_1_N101,46.19435,26
2022-01-06T12:00:00-00:00,2022-01-06T13:00:00-00:00,2022-01-06,5,BRUNSWCK_1_N101,47.56261,26
2022-01-06T13:00:00-00:00,2022-01-06T14:00:00-00:00,2022-01-06,6,BRUNSWCK_1_N101,55.68326,26
2022-01-06T14:00:00-00:00,2022-01-06T15:00:00-00:00,2022-01-06,7,BRUNSWCK_1_N101,71.98236,26
2022-01-06T15:00:00-00:00,2022-01-06T16:00:00-00:00,2022-01-06,8,BRUNSWCK_1_N101,75.104,26
2022-01-06T16:00:00-00:00,2022-01-06T17:00:00-00:00,2022-01-06,9,BRUNSWCK_1_N101,56.29405,26
2022-01-06T17:00:00-00:00,2022-01-06T18:00:00-00:00,2022-01-06,10,BRUNSWCK_1_N101,52.19031,26
2022-01-06T18:00:00-00:00,2022-01-06T19:00:00-00:00,2022-01-06,11,BRUNSWCK_1_N101,50.65994,26
2022-01-06T19:00:00-00:00,2022-01-06T20:00:00-00:00,2022-01-06,12,BRUNSWCK_1_N101,46.48559,26
2022-01-06T20:00:00-00:00,2022-01-06T21:00:00-00:00,2022-01-06,13,BRUNSWCK_1_N101,44.36521,26
2022-01-06T21:00:00-00:00,2022-01-06T22:00:00-00:00,2022-01-06,14,BRUNSWCK_1_N101,43.45681,26
2022-01-06T22:00:00-00:00,2022-01-06T23:00:00-00:00,2022-01-06,15,BRUNSWCK_1_N101,44.82845,26
2022-01-06T23:00:00-00:00,2022-01-07T00:00:00-00:00,2022-01-06,16,BRUNSWCK_1_N101,52.6971,26
2022-01-07T00:00:00-00:00,2022-01-07T01:00:00-00:00,2022-01-06,17,BRUNSWCK_1_N101,68.92448,26
2022-01-07T01:00:00-00:00,2022-01-07T02:00:00-00:00,2022-01-06,18,BRUNSWCK_1_N101,81.03359,26
2022-01-07T02:00:00-00:00,2022-01-07T03:00:00-00:00,2022-01-06,19,BRUNSWCK_1_N101,72.59068,26
2022-01-07T03:00:00-00:00,2022-01-07T04:00:00-00:00,2022-01-06,20,BRUNSWCK_1_N101,68.30439,26
2022-01-07T04:00:00-00:00,2022-01-07T05:00:00-00:00,2022-01-06,21,BRUNSWCK_1_N101,64.2302,26
2022-01-07T05:00:00-00:00,2022-01-07T06:00:00-00:00,2022-01-06,22,BRUNSWCK_1_N101,59.39046,26
2022-01-07T06:00:00-00:00,2022-01-07T07:00:00-00:00,2022-01-06,23,BRUNSWCK_1_N101,56.28133,26
2022-01-07T07:00:00-00:00,2022-01-07T08:00:00-00:00,2022-01-06,24,BRUNSWCK_1_N101,53.5794,26
2022-01-07T08:00:00-00:00,2022-01-07T09:00:00-00:00,2022-01-07,1,BRUNSWCK_1_N101,48.68166,31
2022-01-07T09:00:00-00:00,2022-01-07T10:00:00-00:00,2022-01-07,2,BRUNSWCK_1_N101,46.79842,31
2022-01-07T10:00:00-00:00,2022-01-07T11:00:00-00:00,2022-01-07,3,BRUNSWCK_1_N101,44.35996,31
2022-01-07T11:00:00-00:00,2022-01-07T12:00:00-00:00,2022-01-07,4,BRUNSWCK_1_N101,43.7035,31
2022-01-07T12:00:00-00:00,2022-01-07T13:00:00-00:00,2022-01-07,5,BRUNSWCK_1_N101,43.74114,31
2022-01-07T13:00:00-00:00,2022-01-07T14:00:00-00:00,2022-01-07,6,BRUNSWCK_1_N101,51.04318,31
2022-01-07T14:00:00-00:00,2022-01-07T15:00:00-00:00,2022-01-07,7,BRUNSWCK_1_N101,65.0,31
2022-01-07T15:00:00-00:00,2022-01-07T16:00:00-00:00,2022-01-07,8,BRUNSWCK_1_N101,61.80029,31
2022-01-07T16:00:00-00:00,2022-01-07T17:00:00-00:00,2022-01-07,9,BRUNSWCK_1_N101,51.08497,31
2022-01-07T17:00:00-00:00,2022-01-07T18:00:00-00:00,2022-01-07,10,BRUNSWCK_1_N101,57.84656,31
2022-01-07T18:00:00-00:00,2022-01-07T19:00:00-00:00,2022-01-07,11,BRUNSWCK_1_N101,44.15269,31
2022-01-07T19:00:00-00:00,2022-01-07T20:00:00-00:00,2022-01-07,12,BRUNSWCK_1_N101,40.74102,31
2022-01-07T20:00:00-00:00,2022-01-07T21:00:00-00:00,2022-01-07,13,BRUNSWCK_1_N101,49.44783,31
2022-01-07T21:00:00-00:00,2022-01-07T22:00:00-00:00,2022-01-07,14,BRUNSWCK_1_N101,39.41102,31
2022-01-07T22:00:00-00:00,2022-01-07T23:00:00-00:00,2022-01-07,15,BRUNSWCK_1_N101,39.56197,31
2022-01-07T23:00:00-00:00,2022-01-08T00:00:00-00:00,2022-01-07,16,BRUNSWCK_1_N101,47.29174,31
2022-01-08T00:00:00-00:00,2022-01-08T01:00:00-00:00,2022-01-07,17,BRUNSWCK_1_N101,57.63224,31
2022-01-08T01:00:00-00:00,2022-01-08T02:00:00-00:00,2022-01-07,18,BRUNSWCK_1_N101,67.56111,31
2022-01-08T02:00:00-00:00,2022-01-08T03:00:00-00:00,2022-01-07,19,BRUNSWCK_1_N101,63.10961,31
2022-01-08T03:00:00-00:00,2022-01-08T04:00:00-00:00,2022-01-07,20,BRUNSWCK_1_N101,58.44709,31
2022-01-08T04:00:00-00:00,2022-01-08T05:00:00-00:00,2022-01-07,21,BRUNSWCK_1_N101,56.63568,31
2022-01-08T05:00:00-00:00,2022-01-08T06:00:00-00:00,2022-01-07,22,BRUNSWCK_1_N101,53.53702,31
2022-01-08T06:00:00-00:00,2022-01-08T07:00:00-00:00,2022-01-07,23,BRUNSWCK_1_N101,50.83891,31
2022-01-08T07:00:00-00:00,2022-01-08T08:00:00-00:00,2022-01-07,24,BRUNSWCK_1_N101,51.20377,31
2022-01-08T08:00:00-00:00,2022-01-08T09:00:00-00:00,2022-01-08,1,BRUNSWCK_1_N101,44.10412,36
2022-01-08T09:00:00-00:00,2022-01-08T10:00:00-00:00,2022-01-08,2,BRUNSWCK_1_N101,42.14983,36
2022-01-08T10:00:00-00:00,2022-01-08T11:00:00-00:00,2022-01-08,3,BRUNSWCK_1_N101,42.08311,36
2022-01-08T11:00:00-00:00,2022-01-08T12:00:00-00:00,2022-01-08,4,BRUNSWCK_1_N101,42.09674,36
2022-01-08T12:00:00-00:00,2022-01-08T13:00:00-00:00,2022-01-08,5,BRUNSWCK_1_N101,41.60383,36
2022-01-08T13:00:00-00:00,2022-01-08T14:00:00-00:00,2022-01-08,6,BRUNSWCK_1_N101,43.98964,36
2022-01-08T14:00:00-00:00,2022-01-08T15:00:00-00:00,2022-01-08,7,BRUNSWCK_1_N101,57.39692,36
2022-01-08T15:00:00-00:00,2022-01-08T16:00:00-00:00,2022-01-08,8,BRUNSWCK_1_N101,58.82073,36
2022-01-08T16:00:00-00:00,2022-01-08T17:00:00-00:00,2022-01-08,9,BRUNSWCK_1_N101,47.54471,36
2022-01-08T17:00:00-00:00,2022-01-08T18:00:00-00:00,2022-01-08,10,BRUNSWCK_1_N101,40.87264,36
2022-01-08T18:00:00-00:00,2022-01-08T19:00:00-00:00,2022-01-08,11,BRUNSWCK_1_N101,38.03868,36
2022-01-08T19:00:00-00:00,2022-01-08T20:00:00-00:00,2022-01-08,12,BRUNSWCK_1_N101,31.50397,36
2022-01-08T20:00:00-00:00,2022-01-08T21:00:00-00:00,2022-01-08,13,BRUNSWCK_1_N101,27.34371,36
2022-01-08T21:00:00-00:00,2022-01-08T22:00:00-00:00,2022-01-08,14,BRUNSWCK_1_N101,24.54282,36
2022-01-08T22:00:00-00:00,2022-01-08T23:00:00-00:00,2022-01-08,15,BRUNSWCK_1_N101,26.68298,36
2022-01-08T23:00:00-00:00,2022-01-09T00:00:00-00:00,2022-01-08,16,BRUNSWCK_1_N101,40.84569,36
2022-01-09T00:00:00-00:00,2022-01-09T01:00:00-00:00,2022-01-08,17,BRUNSWCK_1_N101,58.90749,36
2022-01-09T01:00:00-00:00,2022-01-09T02:00:00-00:00,2022-01-08,18,BRUNSWCK_1_N101,71.48636,36
2022-01-09T02:00:00-00:00,2022-01-09T03:00:00-00:00,2022-01-08,19,BRUNSWCK_1_N101,72.30639,36
2022-01-09T03:00:00-00:00,2022-01-09T04:00:00-00:00,2022-01-08,20,BRUNSWCK_1_N101,63.29195,36
2022-01-09T04:00:00-00:00,2022-01-09T05:00:00-00:00,2022-01-08,21,BRUNSWCK_1_N101,62.49383,36
2022-01-09T05:00:00-00:00,2022-01-09T06:00:00-00:00,2022-01-08,22,BRUNSWCK_1_N101,56.67263,36
2022-01-09T06:00:00-00:00,2022-01-09T07:00:00-00:00,2022-01-08,23,BRUNSWCK_1_N101,51.85044,36
2022-01-09T07:00:00-00:00,2022-01-09T08:00:00-00:00,2022-01-08,24,BRUNSWCK_1_N101,46.83919,36
2022-01-09T08:00:00-00:00,2022-01-09T09:00:00-00:00,2022-01-09,1,BRUNSWCK_1_N101,45.56797,41
2022-01-09T09:00:00-00:00,2022-01-09T10:00:00-00:00,2022-01-09,2,BRUNSWCK_1_N101,45.98423,41
2022-01-09T10:00:00-00:00,2022-01-09T11:00:00-00:00,2022-01-09,3,BRUNSWCK_1_N101,45.07964,41
2022-01-09T11:00:00-00:00,2022-01-09T12:00:00-00:00,2022-01-09,4,BRUNSWCK_1_N101,45.9986,41
2022-01-09T12:00:00-00:00,2022-01-09T13:00:00-00:00,2022-01-09,5,BRUNSWCK_1_N101,45.66479,41
2022-01-09T13:00:00-00:00,2022-01-09T14:00:00-00:00,2022-01-09,6,BRUNSWCK_1_N101,49.29477,41
2022-01-09T14:00:00-00:00,2022-01-09T15:00:00-00:00,2022-01-09,7,BRUNSWCK_1_N101,57.43553,41
2022-01-09T15:00:00-00:00,2022-01-09T16:00:00-00:00,2022-01-09,8,BRUNSWCK_1_N101,53.35709,41
2022-01-09T16:00:00-00:00,2022-01-09T17:00:00-00:00,2022-01-09,9,BRUNSWCK_1_N101,42.96212,41
2022-01-09T17:00:00-00:00,2022-01-09T18:00:00-00:00,2022-01-09,10,BRUNSWCK_1_N101,38.43831,41
2022-01-09T18:00:00-00:00,2022-01-09T19:00:00-00:00,2022-01-09,11,BRUNSWCK_1_N101,38.19881,41
2022-01-09T19:00:00-00:00,2022-01-09T20:00:00-00:00,2022-01-09,12,BRUNSWCK_1_N101,32.86038,41
2022-01-09T20:00:00-00:00,2022-01-09T21:00:00-00:00,2022-01-09,13,BRUNSWCK_1_N101,30.69695,41
2022-01-09T21:00:00-00:00,2022-01-09T22:00:00-00:00,2022-01-09,14,BRUNSWCK_1_N101,30.04255,41
2022-01-09T22:00:00-00:00,2022-01-09T23:00:00-00:00,2022-01-09,15,BRUNSWCK_1_N101,29.71008,41
2022-01-09T23:00:00-00:00,2022-01-10T00:00:00-00:00,2022-01-09,16,BRUNSWCK_1_N101,38.93349,41
2022-01-10T00:00:00-00:00,2022-01-10T01:00:00-00:00,2022-01-09,17,BRUNSWCK_1_N101,58.32788,41
2022-01-10T01:00:00-00:00,2022-01-10T02:00:00-00:00,2022-01-09,18,BRUNSWCK_1_N101,71.94147,41
2022-01-10T02:00:00-00:00,2022-01-10T03:00:00-00:00,2022-01-09,19,BRUNSWCK_1_N101,69.45771,41
2022-01-10T03:00:00-00:00,2022-01-10T04:00:00-00:00,2022-01-09,20,BRUNSWCK_1_N101,60.35851,41
2022-01-10T04:00:00-00:00,2022-01-10T05:00:00-00:00,2022-01-09,21,BRUNSWCK_1_N101,60.6603,41
2022-01-10T05:00:00-00:00,2022-01-10T06:00:00-00:00,2022-01-09,22,BRUNSWCK_1_N101,56.54,41
2022-01-10T06:00:00-00:00,2022-01-10T07:00:00-00:00,2022-01-09,23,BRUNSWCK_1_N101,50.15818,41
2022-01-10T07:00:00-00:00,2022-01-10T08:00:00-00:00,2022-01-09,24,BRUNSWCK_1_N101,49.13674,41
2022-01-10T08:00:00-00:00,2022-01-10T09:00:00-00:00,2022-01-10,1,BRUNSWCK_1_N101,48.34811,46
2022-01-10T09:00:00-00:00,2022-01-10T10:00:00-00:00,2022-01-10,2,BRUNSWCK_1_N101,47.24184,46
2022-01-10T10:00:00-00:00,2022-01-10T11:00:00-00:00,2022-01-10,3,BRUNSWCK_1_N101,46.56201,46
2022-01-10T11:00:00-00:00,2022-01-10T12:00:00-00:00,2022-01-10,4,BRUNSWCK_1_N101,46.25576,46
2022-01-10T12:00:00-00:00,2022-01-10T13:00:00-00:00,2022-01-10,5,BRUNSWCK_1_N101,48.22047,46
2022-01-10T13:00:00-00:00,2022-01-10T14:00:00-00:00,2022-01-10,6,BRUNSWCK_1_N101,53.60769,46
2022-01-10T14:00:00-00:00,2022-01-10T15:00:00-00:00,2022-01-10,7,BRUNSWCK_1_N101,75.11289,46
2022-01-10T15:00:00-00:00,2022-01-10T16:00:00-00:00,2022-01-10,8,BRUNSWCK_1_N101,80.58497,46
2022-01-10T16:00:00-00:00,2022-01-10T17:00:00-00:00,2022-01-10,9,BRUNSWCK_1_N101,59.10769,46
2022-01-10T17:00:00-00:00,2022-01-10T18:00:00-00:00,2022-01-10,10,BRUNSWCK_1_N101,52.85047,46
2022-01-10T18:00:00-00:00,2022-01-10T19:00:00-00:00,2022-01-10,11,BRUNSWCK_1_N101,49.62874,46
2022-01-10T19:00:00-00:00,2022-01-10T20:00:00-00:00,2022-01-10,12,BRUNSWCK_1_N101,46.47938,46
2022-01-10T20:00:00-00:00,2022-01-10T21:00:00-00:00,2022-01-10,13,BRUNSWCK_1_N101,45.36669,46
2022-01-10T21:00:00-00:00,2022-01-10T22:00:00-00:00,2022-01-10,14,BRUNSWCK_1_N101,43.8846,46
2022-01-10T22:00:00-00:00,2022-01-10T23:00:00-00:00,2022-01-10,15,BRUNSWCK_1_N101,46.61607,46
2022-01-10T23:00:00-00:00,2022-01-11T00:00:00-00:00,2022-01-10,16,BRUNSWCK_1_N101,55.2663,46
2022-01-11T00:00:00-00:00,2022-01-11T01:00:00-00:00,2022-01-10,17,BRUNSWCK_1_N101,70.97701,46
2022-01-11T01:00:00-00:00,2022-01-11T02:00:00-00:00,2022-01-10,18,BRUNSWCK_1_N101,91.0,46
2022-01-11T02:00:00-00:00,2022-01-11T03:00:00-00:00,2022-01-10,19,BRUNSWCK_1_N101,83.32507,46
2022-01-11T03:00:00-00:00,2022-01-11T04:00:00-00:00,2022-01-10,20,BRUNSWCK_1_N101,75.41,46
2022-01-11T04:00:00-00:00,2022-01-11T05:00:00-00:00,2022-01-10,21,BRUNSWCK_1_N101,69.2,46
2022-01-11T05:00:00-00:00,2022-01-11T06:00:00-00:00,2022-01-10,22,BRUNSWCK_1_N101,59.98423,46
2022-01-11T06:00:00-00:00,2022-01-11T07:00:00-00:00,2022-01-10,23,BRUNSWCK_1_N101,55.69445,46
2022-01-11T07:00:00-00:00,2022-01-11T08:00:00-00:00,2022-01-10,24,BRUNSWCK_1_N101,50.16364,46
2022-01-11T08:00:00-00:00,2022-01-11T09:00:00-00:00,2022-01-11,1,BRUNSWCK_1_N101,45.70471,51
2022-01-11T09:00:00-00:00,2022-01-11T10:00:00-00:00,2022-01-11,2,BRUNSWCK_1_N101,44.92258,51
2022-01-11T10:00:00-00:00,2022-01-11T11:00:00-00:00,2022-01-11,3,BRUNSWCK_1_N101,43.89538,51
2022-01-11T11:00:00-00:00,2022-01-11T12:00:00-00:00,2022-01-11,4,BRUNSWCK_1_N101,44.19081,51
2022-01-11T12:00:00-00:00,2022-01-11T13:00:00-00:00,2022-01-11,5,BRUNSWCK_1_N101,44.43809,51
2022-01-11T13:00:00-00:00,2022-01-11T14:00:00-00:00,2022-01-11,6,BRUNSWCK_1_N101,51.20233,51
2022-01-11T14:00:00-00:00,2022-01-11T15:00:00-00:00,2022-01-11,7,BRUNSWCK_1_N101,62.54927,51
2022-01-11T15:00:00-00:00,2022-01-11T16:00:00-00:00,2022-01-11,8,BRUNSWCK_1_N101,71.28191,51
2022-01-11T16:00:00-00:00,2022-01-11T17:00:00-00:00,2022-01-11,9,BRUNSWCK_1_N101,49.06296,51
2022-01-11T17:00:00-00:00,2022-01-11T18:00:00-00:00,2022-01-11,10,BRUNSWCK_1_N101,40.52254,51
2022-01-11T18:00:00-00:00,2022-01-11T19:00:00-00:00,2022-01-11,11,BRUNSWCK_1_N101,38.49972,51
2022-01-11T19:00:00-00:00,2022-01-11T20:00:00-00:00,2022-01-11,12,BRUNSWCK_1_N101,33.18444,51
2022-01-11T20:00:00-00:00,2022-01-11T21:00:00-00:00,2022-01-11,13,BRUNSWCK_1_N101,31.29218,51
2022-01-11T21:00:00-00:00,2022-01-11T22:00:00-00:00,2022-01-11,14,BRUNSWCK_1_N101,33.96973,51
2022-01-11T22:00:00-00:00,2022-01-11T23:00:00-00:00,2022-01-11,15,BRUNSWCK_1_N101,31.94136,51
2022-01-11T23:00:00-00:00,2022-01-12T00:00:00-00:00,2022-01-11,16,BRUNSWCK_1_N101,41.27306,51
2022-01-12T00:00:00-00:00,2022-01-12T01:00:00-00:00,2022-01-11,17,BRUNSWCK_1_N101,63.83914,51
2022-01-12T01:00:00-00:00,2022-01-12T02:00:00-00:00,2022-01-11,18,BRUNSWCK_1_N101,76.68994,51
2022-01-12T02:00:00-00:00,2022-01-12T03:00:00-00:00,2022-01-11,19,BRUNSWCK_1_N101,68.24879,51
2022-01-12T03:00:00-00:00,2022-01-12T04:00:00-00:00,2022-01-11,20,BRUNSWCK_1_N101,64.57008,51
2022-01-12T04:00:00-00:00,2022-01-12T05:00:00-00:00,2022-01-11,21,BRUNSWCK_1_N101,60.11572,51
2022-01-12T05:00:00-00:00,2022-01-12T06:00:00-00:00,2022-01-11,22,BRUNSWCK_1_N101,55.75671,51
2022-01-12T06:00:00-00:00,2022-01-12T07:00:00-00:00,2022-01-11,23,BRUNSWCK_1_N101,50.66472,51
2022-01-12T07:00:00-00:00,2022-01-12T08:00:00-00:00,2022-01-11,24,BRUNSWCK_1_N101,47.93321,51
2022-01-12T08:00:00-00:00,2022-01-12T09:00:00-00:00,2022-01-12,1,BRUNSWCK_1_N101,45.90502,56
2022-01-12T09:00:00-00:00,2022-01-12T10:00:00-00:00,2022-01-12,2,BRUNSWCK_1_N101,44.97644,56
2022-01-12T10:00:00-00:00,2022-01-12T11:00:00-00:00,2022-01-12,3,BRUNSWCK_1_N101,44.27757,56
2022-01-12T11:00:00-00:00,2022-01-12T12:00:00-00:00,2022-01-12,4,BRUNSWCK_1_N101,44.28785,56
2022-01-12T12:00:00-00:00,2022-01-12T13:00:00-00:00,2022-01-12,5,BRUNSWCK_1_N101,44.7899,56
2022-01-12T13:00:00-00:00,2022-01-12T14:00:00-00:00,2022-01-12,6,BRUNSWCK_1_N101,53.57566,56
2022-01-12T14:00:00-00:00,2022-01-12T15:00:00-00:00,2022-01-12,7,BRUNSWCK_1_N101,66.85796,56
2022-01-12T15:00:00-00:00,2022-01-12T16:00:00-00:00,2022-01-12,8,BRUNSWCK_1_N101,72.35405,56
2022-01-12T16:00:00-00:00,2022-01-12T17:00:00-00:00,2022-01-12,9,BRUNSWCK_1_N101,50.73388,56
2022-01-12T17:00:00-00:00,2022-01-12T18:00:00-00:00,2022-01-12,10,BRUNSWCK_1_N101,42.6865,56
2022-01-12T18:00:00-00:00,2022-01-12T19:00:00-00:00,2022-01-12,11,BRUNSWCK_1_N101,40.67931,56
2022-01-12T19:00:00-00:00,2022-01-12T20:00:00-00:00,2022-01-12,12,BRUNSWCK_1_N101,39.47973,56
2022-01-12T20:00:00-00:00,2022-01-12T21:00:00-00:00,2022-01-12,13,BRUNSWCK_1_N101,36.60198,56
2022-01-12T21:00:00-00:00,2022-01-12T22:00:00-00:00,2022-01-12,14,BRUNSWCK_1_N101,37.04308,56
2022-01-12T22:00:00-00:00,2022-01-12T23:00:00-00:00,2022-01-12,15,BRUNSWCK_1_N101,39.50561,56
2022-01-12T23:00:00-00:00,2022-01-13T00:00:00-00:00,2022-01-12,16,BRUNSWCK_1_N101,48.36658,56
2022-01-13T00:00:00-00:00,2022-01-13T01:00:00-00:00,2022-01-12,17,BRUNSWCK_1_N101,63.45338,56
2022-01-13T01:00:00-00:00,2022-01-13T02:00:00-00:00,2022-01-12,18,BRUNSWCK_1_N101,76.92727,56
2022-01-13T02:00:00-00:00,2022-01-13T03:00:00-00:00,2022-01-12,19,BRUNSWCK_1_N101,71.29262,56
2022-01-13T03:00:00-00:00,2022-01-13T04:00:00-00:00,2022-01-12,20,BRUNSWCK_1_N101,66.31596,56
2022-01-13T04:00:00-00:00,2022-01-13T05:00:00-00:00,2022-01-12,21,BRUNSWCK_1_N101,61.27456,56
2022-01-13T05:00:00-00:00,2022-01-13T06:00:00-00:00,2022-01-12,22,BRUNSWCK_1_N101,56.17014,56
2022-01-13T06:00:00-00:00,2022-01-13T07:00:00-00:00,2022-01-12,23,BRUNSWCK_1_N101,51.60724,56
2022-01-13T07:00:00-00:00,2022-01-13T08:00:00-00:00,2022-01-12,24,BRUNSWCK_1_N101,48.37202,56
2022-01-13T08:00:00-00:00,2022-01-13T09:00:00-00:00,2022-01-13,1,BRUNSWCK_1_N101,47.11227,61
2022-01-13T09:00:00-00:00,2022-01-13T10:00:00-00:00,2022-01-13,2,BRUNSWCK_1_N101,46.40814,61
2022-01-13T10:00:00-00:00,2022-01-13T11:00:00-00:00,2022-01-13,3,BRUNSWCK_1_N101,44.82282,61
2022-01-13T11:00:00-00:00,2022-01-13T12:00:00-00:00,2022-01-13,4,BRUNSWCK_1_N101,45.66494,61
2022-01-13T12:00:00-00:00,2022-01-13T13:00:00-00:00,2022-01-13,5,BRUNSWCK_1_N101,45.79644,61
2022-01-13T13:00:00-00:00,2022-01-13T14:00:00-00:00,2022-01-13,6,BRUNSWCK_1_N101,53.40176,61
2022-01-13T14:00:00-00:00,2022-01-13T15:00:00-00:00,2022-01-13,7,BRUNSWCK_1_N101,64.72265,61
2022-01-13T15:00:00-00:00,2022-01-13T16:00:00-00:00,2022-01-13,8,BRUNSWCK_1_N101,74.7342,61
2022-01-13T16:00:00-00:00,2022-01-13T17:00:00-00:00,2022-01-13,9,BRUNSWCK_1_N101,59.0055,61
2022-01-13T17:00:00-00:00,2022-01-13T18:00:00-00:00,2022-01-13,10,BRUNSWCK_1_N101,51.67143,61
2022-01-13T18:00:00-00:00,2022-01-13T19:00:00-00:00,2022-01-13,11,BRUNSWCK_1_N101,48.82605,61
2022-01-13T19:00:00-00:00,2022-01-13T20:00:00-00:00,2022-01-13,12,BRUNSWCK_1_N101,45.87798,61
2022-01-13T20:00:00-00:00,2022-01-13T21:00:00-00:00,2022-01-13,13,BRUNSWCK_1_N101,45.57566,61
2022-01-13T21:00:00-00:00,2022-01-13T22:00:00-00:00,2022-01-13,14,BRUNSWCK_1_N101,45.82851,61
2022-01-13T22:00:00-00:00,2022-01-13T23:00:00-00:00,2022-01-13,15,BRUNSWCK_1_N101,46.9723,61
2022-01-13T23:00:00-00:00,2022-01-14T00:00:00-00:00,2022-01-13,16,BRUNSWCK_1_N101,52.24444,61
2022-01-14T00:00:00-00:00,2022-01-14T01:00:00-00:00,2022-01-13,17,BRUNSWCK_1_N101,63.3414,61
2022-01-14T01:00:00-00:00,2022-01-14T02:00:00-00:00,2022-01-13,18,BRUNSWCK_1_N101,75.49698,61
2022-01-14T02:00:00-00:00,2022-01-14T03:00:00-00:00,2022-01-13,19,BRUNSWCK_1_N101,68.75031,61
2022-01-14T03:00:00-00:00,2022-01-14T04:00:00-00:00,2022-01-13,20,BRUNSWCK_1_N101,63.43316,61
2022-01-14T04:00:00-00:00,2022-01-14T05:00:00-00:00,2022-01-13,21,BRUNSWCK_1_N101,58.39616,61
2022-01-14T05:00:00-00:00,2022-01-14T06:00:00-00:00,2022-01-13,22,BRUNSWCK_1_N101,53.4613,61
2022-01-14T06:00:00-00:00,2022-01-14T07:00:00-00:00,2022-01-13,23,BRUNSWCK_1_N101,49.11356,61
2022-01-14T07:00:00-00:00,2022-01-14T08:00:00-00:00,2022-01-13,24,BRUNSWCK_1_N101,47.87267,61
2022-01-14T08:00:00-00:00,2022-01-14T09:00:00-00:00,2022-01-14,1,BRUNSWCK_1_N101,46.09877,66
2022-01-14T09:00:00-00:00,2022-01-14T10:00:00-00:00,2022-01-14,2,BRUNSWCK_1_N101,45.64655,66
2022-01-14T10:00:00-00:00,2022-01-14T11:00:00-00:00,2022-01-14,3,BRUNSWCK_1_N101,44.40315,66
2022-01-14T11:00:00-00:00,2022-01-14T12:00:00-00:00,2022-01-14,4,BRUNSWCK_1_N101,45.73673,66
2022-01-14T12:00:00-00:00,2022-01-14T13:00:00-00:00,2022-01-14,5,BRUNSWCK_1_N101,45.81749,66
2022-01-14T13:00:00-00:00,2022-01-14T14:00:00-00:00,2022-01-14,6,BRUNSWCK_1_N101,51.30316,66
2022-01-14T14:00:00-00:00,2022-01-14T15:00:00-00:00,2022-01-14,7,BRUNSWCK_1_N101,60.35229,66
2022-01-14T15:00:00-00:00,2022-01-14T16:00:00-00:00,2022-01-14,8,BRUNSWCK_1_N101,66.9671,66
2022-01-14T16:00:00-00:00,2022-01-14T17:00:00-00:00,2022-01-14,9,BRUNSWCK_1_N101,51.31724,66
2022-01-14T17:00:00-00:00,2022-01-14T18:00:00-00:00,2022-01-14,10,BRUNSWCK_1_N101,46.72942,66
2022-01-14T18:00:00-00:00,2022-01-14T19:00:00-00:00,2022-01-14,11,BRUNSWCK_1_N101,43.20079,66
2022-01-14T19:00:00-00:00,2022-01-14T20:00:00-00:00,2022-01-14,12,BRUNSWCK_1_N101,39.39064,66
2022-01-14T20:00:00-00:00,2022-01-14T21:00:00-00:00,2022-01-14,13,BRUNSWCK_1_N101,37.30562,66
2022-01-14T21:00:00-00:00,2022-01-14T22:00:00-00:00,2022-01-14,14,BRUNSWCK_1_N101,37.54747,66
2022-01-14T22:00:00-00:00,2022-01-14T23:00:00-00:00,2022-01-14,15,BRUNSWCK_1_N101,39.19906,66
2022-01-14T23:00:00-00:00,2022-01-15T00:00:00-00:00,2022-01-14,16,BRUNSWCK_1_N101,46.37982,66
2022-01-15T00:00:00-00:00,2022-01-15T01:00:00-00:00,2022-01-14,17,BRUNSWCK_1_N101,57.83467,66
2022-01-15T01:00:00-00:00,2022-01-15T02:00:00-00:00,2022-01-14,18,BRUNSWCK_1_N101,69.29419,66
2022-01-15T02:00:00-00:00,2022-01-15T03:00:00-00:00,2022-01-14,19,BRUNSWCK_1_N101,64.386,66
2022-01-15T03:00:00-00:00,2022-01-15T04:00:00-00:00,2022-01-14,20,BRUNSWCK_1_N101,58.17813,66
2022-01-15T04:00:00-00:00,2022-01-15T05:00:00-00:00,2022-01-14,21,BRUNSWCK_1_N101,54.99784,66
2022-01-15T05:00:00-00:00,2022-01-15T06:00:00-00:00,2022-01-14,22,BRUNSWCK_1_N101,51.36572,66
2022-01-15T06:00:00-00:00,2022-01-15T07:00:00-00:00,2022-01-14,23,BRUNSWCK_1_N101,49.34151,66
2022-01-15T07:00:00-00:00,2022-01-15T08:00:00-00:00,2022-01-14,24,BRUNSWCK_1_N101,48.17534,66
2022-01-15T08:00:00-00:00,2022-01-15T09:00:00-00:00,2022-01-15,1,BRUNSWCK_1_N101,45.71458,71
2022-01-15T09:00:00-00:00,2022-01-15T10:00:00-00:00,2022-01-15,2,BRUNSWCK_1_N101,44.78774,71
2022-01-15T10:00:00-00:00,2022-01-15T11:00:00-00:00,2022-01-15,3,BRUNSWCK_1_N101,43.69828,71
2022-01-15T11:00:00-00:00,2022-01-15T12:00:00-00:00,2022-01-15,4,BRUNSWCK_1_N101,44.99382,71
2022-01-15T12:00:00-00:00,2022-01-15T13:00:00-00:00,2022-01-15,5,BRUNSWCK_1_N101,46.06098,71
2022-01-15T13:00:00-00:00,2022-01-15T14:00:00-00:00,2022-01-15,6,BRUNSWCK_1_N101,48.90333,71
2022-01-15T14:00:00-00:00,2022-01-15T15:00:00-00:00,2022-01-15,7,BRUNSWCK_1_N101,57.28664,71
2022-01-15T15:00:00-00:00,2022-01-15T16:00:00-00:00,2022-01-15,8,BRUNSWCK_1_N101,57.93407,71
2022-01-15T16:00:00-00:00,2022-01-15T17:00:00-00:00,2022-01-15,9,BRUNSWCK_1_N101,51.49737,71
2022-01-15T17:00:00-00:00,2022-01-15T18:00:00-00:00,2022-01-15,10,BRUNSWCK_1_N101,47.38341,71
2022-01-15T18:00:00-00:00,2022-01-15T19:00:00-00:00,2022-01-15,11,BRUNSWCK_1_N101,43.84906,71
2022-01-15T19:00:00-00:00,2022-01-15T20:00:00-00:00,2022-01-15,12,BRUNSWCK_1_N101,42.67567,71
2022-01-15T20:00:00-00:00,2022-01-15T21:00:00-00:00,2022-01-15,13,BRUNSWCK_1_N101,40.93419,71
2022-01-15T21:00:00-00:00,2022-01-15T22:00:00-00:00,2022-01-15,14,BRUNSWCK_1_N101,40.19096,71
2022-01-15T22:00:00-00:00,2022-01-15T23:00:00-00:00,2022-01-15,15,BRUNSWCK_1_N101,41.65573,71
2022-01-15T23:00:00-00:00,2022-01-16T00:00:00-00:00,2022-01-15,16,BRUNSWCK_1_N101,49.73403,71
2022-01-16T00:00:00-00:00,2022-01-16T01:00:00-00:00,2022-01-15,17,BRUNSWCK_1_N101,57.19974,71
2022-01-16T01:00:00-00:00,2022-01-16T02:00:00-00:00,2022-01-15,18,BRUNSWCK_1_N101,69.17784,71
2022-01-16T02:00:00-00:00,2022-01-16T03:00:00-00:00,2022-01-15,19,BRUNSWCK_1_N101,68.99773,71
2022-01-16T03:00:00-00:00,2022-01-16T04:00:00-00:00,2022-01-15,20,BRUNSWCK_1_N101,60.26694,71
2022-01-16T04:00:00-00:00,2022-01-16T05:00:00-00:00,2022-01-15,21,BRUNSWCK_1_N101,58.0,71
2022-01-16T05:00:00-00:00,2022-01-16T06:00:00-00:00,2022-01-15,22,BRUNSWCK_1_N101,53.34582,71
2022-01-16T06:00:00-00:00,2022-01-16T07:00:00-00:00,2022-01-15,23,BRUNSWCK_1_N101,51.4094,71
2022-01-16T07:00:00-00:00,2022-01-16T08:00:00-00:00,2022-01-15,24,BRUNSWCK_1_N101,49.33113,71
2022-01-16T08:00:00-00:00,2022-01-16T09:00:00-00:00,2022-01-16,1,BRUNSWCK_1_N101,51.06605,76
2022-01-16T09:00:00-00:00,2022-01-16T10:00:00-00:00,2022-01-16,2,BRUNSWCK_1_N101,48.10323,76
2022-01-16T10:00:00-00:00,2022-01-16T11:00:00-00:00,2022-01-16,3,BRUNSWCK_1_N101,46.93976,76
2022-01-16T11:00:00-00:00,2022-01-16T12:00:00-00:00,2022-01-16,4,BRUNSWCK_1_N101,46.89798,76
2022-01-16T12:00:00-00:00,2022-01-16T13:00:00-00:00,2022-01-16,5,BRUNSWCK_1_N101,46.92747,76
2022-01-16T13:00:00-00:00,2022-01-16T14:00:00-00:00,2022-01-16,6,BRUNSWCK_1_N101,48.91866,76
2022-01-16T14:00:00-00:00,2022-01-16T15:00:00-00:00,2022-01-16,7,BRUNSWCK_1_N101,53.94072,76
2022-01-16T15:00:00-00:00,2022-01-16T16:00:00-00:00,2022-01-16,8,BRUNSWCK_1_N101,51.96039,76
2022-01-16T16:00:00-00:00,2022-01-16T17:00:00-00:00,2022-01-16,9,BRUNSWCK_1_N101,43.04904,76
2022-01-16T17:00:00-00:00,2022-01-16T18:00:00-00:00,2022-01-16,10,BRUNSWCK_1_N101,39.33399,76
2022-01-16T18:00:00-00:00,2022-01-16T19:00:00-00:00,2022-01-16,11,BRUNSWCK_1_N101,35.57518,76
2022-01-16T19:00:00-00:00,2022-01-16T20:00:00-00:00,2022-01-16,12,BRUNSWCK_1_N101,29.88075,76
2022-01-16T20:00:00-00:00,2022-01-16T21:00:00-00:00,2022-01-16,13,BRUNSWCK_1_N101,28.10536,76
2022-01-16T21:00:00-00:00,2022-01-16T22:00:00-00:00,2022-01-16,14,BRUNSWCK_1_N101,24.41315,76
2022-01-16T22:00:00-00:00,2022-01-16T23:00:00-00:00,2022-01-16,15,BRUNSWCK_1_N101,28.84368,76
2022-01-16T23:00:00-00:00,2022-01-17T00:00:00-00:00,2022-01-16,16,BRUNSWCK_1_N101,42.12104,76
2022-01-17T00:00:00-00:00,2022-01-17T01:00:00-00:00,2022-01-16,17,BRUNSWCK_1_N101,58.31912,76
2022-01-17T01:00:00-00:00,2022-01-17T02:00:00-00:00,2022-01-16,18,BRUNSWCK_1_N101,68.05447,76
2022-01-17T02:00:00-00:00,2022-01-17T03:00:00-00:00,2022-01-16,19,BRUNSWCK_1_N101,66.18318,76
2022-01-17T03:00:00-00:00,2022-01-17T04:00:00-00:00,2022-01-16,20,BRUNSWCK_1_N101,60.33604,76
2022-01-17T04:00:00-00:00,2022-01-17T05:00:00-00:00,2022-01-16,21,BRUNSWCK_1_N101,58.61119,76
2022-01-17T05:00:00-00:00,2022-01-17T06:00:00-00:00,2022-01-16,22,BRUNSWCK_1_N101,54.16299,76
2022-01-17T06:00:00-00:00,2022-01-17T07:00:00-00:00,2022-01-16,23,BRUNSWCK_1_N101,52.16815,76
2022-01-17T07:00:00-00:00,2022-01-17T08:00:00-00:00,2022-01-16,24,BRUNSWCK_1_N101,49.08039,76
2022-01-17T08:00:00-00:00,2022-01-17T09:00:00-00:00,2022-01-17,1,BRUNSWCK_1_N101,51.61608,81
2022-01-17T09:00:00-00:00,2022-01-17T10:00:00-00:00,2022-01-17,2,BRUNSWCK_1_N101,49.58286,81
2022-01-17T10:00:00-00:00,2022-01-17T11:00:00-00:00,2022-01-17,3,BRUNSWCK_1_N101,47.98974,81
2022-01-17T11:00:00-00:00,2022-01-17T12:00:00-00:00,2022-01-17,4,BRUNSWCK_1_N101,47.22251,81
2022-01-17T12:00:00-00:00,2022-01-17T13:00:00-00:00,2022-01-17,5,BRUNSWCK_1_N101,48.35209,81
2022-01-17T13:00:00-00:00,2022-01-17T14:00:00-00:00,2022-01-17,6,BRUNSWCK_1_N101,51.05618,81
2022-01-17T14:00:00-00:00,2022-01-17T15:00:00-00:00,2022-01-17,7,BRUNSWCK_1_N101,58.92426,81
2022-01-17T15:00:00-00:00,2022-01-17T16:00:00-00:00,2022-01-17,8,BRUNSWCK_1_N101,58.72896,81
2022-01-17T16:00:00-00:00,2022-01-17T17:00:00-00:00,2022-01-17,9,BRUNSWCK_1_N101,52.92533,81
2022-01-17T17:00:00-00:00,2022-01-17T18:00:00-00:00,2022-01-17,10,BRUNSWCK_1_N101,48.23292,81
2022-01-17T18:00:00-00:00,2022-01-17T19:00:00-00:00,2022-01-17,11,BRUNSWCK_1_N101,45.17241,81
2022-01-17T19:00:00-00:00,2022-01-17T20:00:00-00:00,2022-01-17,12,BRUNSWCK_1_N101,43.40884,81
2022-01-17T20:00:00-00:00,2022-01-17T21:00:00-00:00,2022-01-17,13,BRUNSWCK_1_N101,43.11439,81
2022-01-17T21:00:00-00:00,2022-01-17T22:00:00-00:00,2022-01-17,14,BRUNSWCK_1_N101,43.17501,81
2022-01-17T22:00:00-00:00,2022-01-17T23:00:00-00:00,2022-01-17,15,BRUNSWCK_1_N101,44.56473,81
2022-01-17T23:00:00-00:00,2022-01-18T00:00:00-00:00,2022-01-17,16,BRUNSWCK_1_N101,49.96909,81
2022-01-18T00:00:00-00:00,2022-01-18T01:00:00-00:00,2022-01-17,17,BRUNSWCK_1_N101,60.20772,81
2022-01-18T01:00:00-00:00,2022-01-18T02:00:00-00:00,2022-01-17,18,BRUNSWCK_1_N101,74.37495,81
2022-01-18T02:00:00-00:00,2022-01-18T03:00:00-00:00,2022-01-17,19,BRUNSWCK_1_N101,68.77208,81
2022-01-18T03:00:00-00:00,2022-01-18T04:00:00-00:00,2022-01-17,20,BRUNSWCK_1_N101,62.4727,81
2022-01-18T04:00:00-00:00,2022-01-18T05:00:00-00:00,2022-01-17,21,BRUNSWCK_1_N101,58.36899,81
2022-01-18T05:00:00-00:00,2022-01-18T06:00:00-00:00,2022-01-17,22,BRUNSWCK_1_N101,54.16895,81
2022-01-18T06:00:00-00:00,2022-01-18T07:00:00-00:00,2022-01-17,23,BRUNSWCK_1_N101,51.38051,81
2022-01-18T07:00:00-00:00,2022-01-18T08:00:00-00:00,2022-01-17,24,BRUNSWCK_1_N101,48.83607,81
2022-01-18T08:00:00-00:00,2022-01-18T09:00:00-00:00,2022-01-18,1,BRUNSWCK_1_N101,49.38135,86
2022-01-18T09:00:00-00:00,2022-01-18T10:00:00-00:00,2022-01-18,2,BRUNSWCK_1_N101,48.04412,86
2022-01-18T10:00:00-00:00,2022-01-18T11:00:00-00:00,2022-01-18,3,BRUNSWCK_1_N101,46.6356,86
2022-01-18T11:00:00-00:00,2022-01-18T12:00:00-00:00,2022-01-18,4,BRUNSWCK_1_N101,46.09861,86
2022-01-18T12:00:00-00:00,2022-01-18T13:00:00-00:00,2022-01-18,5,BRUNSWCK_1_N101,45.88125,86
2022-01-18T13:00:00-00:00,2022-01-18T14:00:00-00:00,2022-01-18,6,BRUNSWCK_1_N101,51.64075,86
2022-01-18T14:00:00-00:00,2022-01-18T15:00:00-00:00,2022-01-18,7,BRUNSWCK_1_N101,67.25697,86
2022-01-18T15:00:00-00:00,2022-01-18T16:00:00-00:00,2022-01-18,8,BRUNSWCK_1_N101,69.85656,86
2022-01-18T16:00:00-00:00,2022-01-18T17:00:00-00:00,2022-01-18,9,BRUNSWCK_1_N101,55.347,86
2022-01-18T17:00:00-00:00,2022-01-18T18:00:00-00:00,2022-01-18,10,BRUNSWCK_1_N101,48.34958,86
2022-01-18T18:00:00-00:00,2022-01-18T19:00:00-00:00,2022-01-18,11,BRUNSWCK_1_N101,43.14941,86
2022-01-18T19:00:00-00:00,2022-01-18T20:00:00-00:00,2022-01-18,12,BRUNSWCK_1_N101,38.99164,86
2022-01-18T20:00:00-00:00,2022-01-18T21:00:00-00:00,2022-01-18,13,BRUNSWCK_1_N101,36.8031,86
2022-01-18T21:00:00-00:00,2022-01-18T22:00:00-00:00,2022-01-18,14,BRUNSWCK_1_N101,35.0396,86
2022-01-18T22:00:00-00:00,2022-01-18T23:00:00-00:00,2022-01-18,15,BRUNSWCK_1_N101,35.91206,86
2022-01-18T23:00:00-00:00,2022-01-19T00:00:00-00:00,2022-01-18,16,BRUNSWCK_1_N101,45.15827,86
2022-01-19T00:00:00-00:00,2022-01-19T01:00:00-00:00,2022-01-18,17,BRUNSWCK_1_N101,58.99038,86
2022-01-19T01:00:00-00:00,2022-01-19T02:00:00-00:00,2022-01-18,18,BRUNSWCK_1_N101,72.41013,86
2022-01-19T02:00:00-00:00,2022-01-19T03:00:00-00:00,2022-01-18,19,BRUNSWCK_1_N101,70.91695,86
2022-01-19T03:00:00-00:00,2022-01-19T04:00:00-00:00,2022-01-18,20,BRUNSWCK_1_N101,63.94329,86
2022-01-19T04:00:00-00:00,2022-01-19T05:00:00-00:00,2022-01-18,21,BRUNSWCK_1_N101,60.31212,86
2022-01-19T05:00:00-00:00,2022-01-19T06:00:00-00:00,2022-01-18,22,BRUNSWCK_1_N101,55.73556,86
2022-01-19T06:00:00-00:00,2022-01-19T07:00:00-00:00,2022-01-18,23,BRUNSWCK_1_N101,53.23207,86
2022-01-19T07:00:00-00:00,2022-01-19T08:00:00-00:00,2022-01-18,24,BRUNSWCK_1_N101,51.40697,86
2022-01-19T08:00:00-00:00,2022-01-19T09:00:00-00:00,2022-01-19,1,BRUNSWCK_1_N101,45.89312,91
2022-01-19T09:00:00-00:00,2022-01-19T10:00:00-00:00,2022-01-19,2,BRUNSWCK_1_N101,45.66795,91
2022-01-19T10:00:00-00:00,2022-01-19T11:00:00-00:00,2022-01-19,3,BRUNSWCK_1_N101,44.75625,91
2022-01-19T11:00:00-00:00,2022-01-19T12:00:00-00:00,2022-01-19,4,BRUNSWCK_1_N101,44.51538,91
2022-01-19T12:00:00-00:00,2022-01-19T13:00:00-00:00,2022-01-19,5,BRUNSWCK_1_N101,45.4671,91
2022-01-19T13:00:00-00:00,2022-01-19T14:00:00-00:00,2022-01-19,6,BRUNSWCK_1_N101,48.9997,91
2022-01-19T14:00:00-00:00,2022-01-19T15:00:00-00:00,2022-01-19,7,BRUNSWCK_1_N101,67.93813,91
2022-01-19T15:00:00-00:00,2022-01-19T16:00:00-00:00,2022-01-19,8,BRUNSWCK_1_N101,70.63007,91
2022-01-19T16:00:00-00:00,2022-01-19T17:00:00-00:00,2022-01-19,9,BRUNSWCK_1_N101,49.33849,91
2022-01-19T17:00:00-00:00,2022-01-19T18:00:00-00:00,2022-01-19,10,BRUNSWCK_1_N101,45.43991,91
2022-01-19T18:00:00-00:00,2022-01-19T19:00:00-00:00,2022-01-19,11,BRUNSWCK_1_N101,40.16492,91
2022-01-19T19:00:00-00:00,2022-01-19T20:00:00-00:00,2022-01-19,12,BRUNSWCK_1_N101,35.17483,91
2022-01-19T20:00:00-00:00,2022-01-19T21:00:00-00:00,2022-01-19,13,BRUNSWCK_1_N101,32.64924,91
2022-01-19T21:00:00-00:00,2022-01-19T22:00:00-00:00,2022-01-19,14,BRUNSWCK_1_N101,33.75731,91
2022-01-19T22:00:00-00:00,2022-01-19T23:00:00-00:00,2022-01-19,15,BRUNSWCK_1_N101,39.23626,91
2022-01-19T23:00:00-00:00,2022-01-20T00:00:00-00:00,2022-01-19,16,BRUNSWCK_1_N101,46.24256,91
2022-01-20T00:00:00-00:00,2022-01-20T01:00:00-00:00,2022-01-19,17,BRUNSWCK_1_N101,61.9391,91
2022-01-20T01:00:00-00:00,2022-01-20T02:00:00-00:00,2022-01-19,18,BRUNSWCK_1_N101,76.7705,91
2022-01-20T02:00:00-00:00,2022-01-20T03:00:00-00:00,2022-01-19,19,BRUNSWCK_1_N101,75.05371,91
2022-01-20T03:00:00-00:00,2022-01-20T04:00:00-00:00,2022-01-19,20,BRUNSWCK_1_N101,66.1597,91
2022-01-20T04:00:00-00:00,2022-01-20T05:00:00-00:00,2022-01-19,21,BRUNSWCK_1_N101,59.24988,91
2022-01-20T05:00:00-00:00,2022-01-20T06:00:00-00:00,2022-01-19,22,BRUNSWCK_1_N101,53.89848,91
2022-01-20T06:00:00-00:00,2022-01-20T07:00:00-00:00,2022-01-19,23,BRUNSWCK_1_N101,50.54619,91
2022-01-20T07:00:00-00:00,2022-01-20T08:00:00-00:00,2022-01-19,24,BRUNSWCK_1_N101,49.34746,91
2022-01-20T08:00:00-00:00,2022-01-20T09:00:00-00:00,2022-01-20,1,BRUNSWCK_1_N101,44.90435,96
2022-01-20T09:00:00-00:00,2022-01-20T10:00:00-00:00,2022-01-20,2,BRUNSWCK_1_N101,43.88899,96
2022-01-20T10:00:00-00:00,2022-01-20T11:00:00-00:00,2022-01-20,3,BRUNSWCK_1_N101,43.45554,96
2022-01-20T11:00:00-00:00,2022-01-20T12:00:00-00:00,2022-01-20,4,BRUNSWCK_1_N101,43.07629,96
2022-01-20T12:00:00-00:00,2022-01-20T13:00:00-00:00,2022-01-20,5,BRUNSWCK_1_N101,45.27305,96
2022-01-20T13:00:00-00:00,2022-01-20T14:00:00-00:00,2022-01-20,6,BRUNSWCK_1_N101,50.41704,96
2022-01-20T14:00:00-00:00,2022-01-20T15:00:00-00:00,2022-01-20,7,BRUNSWCK_1_N101,67.38566,96
2022-01-20T15:00:00-00:00,2022-01-20T16:00:00-00:00,2022-01-20,8,BRUNSWCK_1_N101,67.53984,96
2022-01-20T16:00:00-00:00,2022-01-20T17:00:00-00:00,2022-01-20,9,BRUNSWCK_1_N101,47.26222,96
2022-01-20T17:00:00-00:00,2022-01-20T18:00:00-00:00,2022-01-20,10,BRUNSWCK_1_N101,38.23455,96
2022-01-20T18:00:00-00:00,2022-01-20T19:00:00-00:00,2022-01-20,11,BRUNSWCK_1_N101,30.01291,96
2022-01-20T19:00:00-00:00,2022-01-20T20:00:00-00:00,2022-01-20,12,BRUNSWCK_1_N101,25.62467,96
2022-01-20T20:00:00-00:00,2022-01-20T21:00:00-00:00,2022-01-20,13,BRUNSWCK_1_N101,24.53809,96
2022-01-20T21:00:00-00:00,2022-01-20T22:00:00-00:00,2022-01-20,14,BRUNSWCK_1_N101,24.37092,96
2022-01-20T22:00:00-00:00,2022-01-20T23:00:00-00:00,2022-01-20,15,BRUNSWCK_1_N101,25.9493,96
2022-01-20T23:00:00-00:00,2022-01-21T00:00:00-00:00,2022-01-20,16,BRUNSWCK_1_N101,40.53124,96
2022-01-21T00:00:00-00:00,2022-01-21T01:00:00-00:00,2022-01-20,17,BRUNSWCK_1_N101,59.12878,96
2022-01-21T01:00:00-00:00,2022-01-21T02:00:00-00:00,2022-01-20,18,BRUNSWCK_1_N101,72.63399,96
2022-01-21T02:00:00-00:00,2022-01-21T03:00:00-00:00,2022-01-20,19,BRUNSWCK_1_N101,68.53668,96
2022-01-21T03:00:00-00:00,2022-01-21T04:00:00-00:00,2022-01-20,20,BRUNSWCK_1_N101,62.30718,96
2022-01-21T04:00:00-00:00,2022-01-21T05:00:00-00:00,2022-01-20,21,BRUNSWCK_1_N101,55.83517,96
2022-01-21T05:00:00-00:00,2022-01-21T06:00:00-00:00,2022-01-20,22,BRUNSWCK_1_N101,52.23916,96
2022-01-21T06:00:00-00:00,2022-01-21T07:00:00-00:00,2022-01-20,23,BRUNSWCK_1_N101,49.74811,96
2022-01-21T07:00:00-00:00,2022-01-21T08:00:00-00:00,2022-01-20,24,BRUNSWCK_1_N101,48.5077,96
2022-01-21T08:00:00-00:00,2022-01-21T09:00:00-00:00,2022-01-21,1,BRUNSWCK_1_N101,45.85554,101
2022-01-21T09:00:00-00:00,2022-01-21T10:00:00-00:00,2022-01-21,2,BRUNSWCK_1_N101,42.99053,101
2022-01-21T10:00:00-00:00,2022-01-21T11:00:00-00:00,2022-01-21,3,BRUNSWCK_1_N101,41.56037,101
2022-01-21T11:00:00-00:00,2022-01-21T12:00:00-00:00,2022-01-21,4,BRUNSWCK_1_N101,40.33504,101
2022-01-21T12:00:00-00:00,2022-01-21T13:00:00-00:00,2022-01-21,5,BRUNSWCK_1_N101,41.47794,101
2022-01-21T13:00:00-00:00,2022-01-21T14:00:00-00:00,2022-01-21,6,BRUNSWCK_1_N101,46.4671,101
2022-01-21T14:00:00-00:00,2022-01-21T15:00:00-00:00,2022-01-21,7,BRUNSWCK_1_N101,63.87501,101
2022-01-21T15:00:00-00:00,2022-01-21T16:00:00-00:00,2022-01-21,8,BRUNSWCK_1_N101,61.44664,101
2022-01-21T16:00:00-00:00,2022-01-21T17:00:00-00:00,2022-01-21,9,BRUNSWCK_1_N101,46.11195,101
2022-01-21T17:00:00-00:00,2022-01-21T18:00:00-00:00,2022-01-21,10,BRUNSWCK_1_N101,34.40046,101
2022-01-21T18:00:00-00:00,2022-01-21T19:00:00-00:00,2022-01-21,11,BRUNSWCK_1_N101,30.03914,101
2022-01-21T19:00:00-00:00,2022-01-21T20:00:00-00:00,2022-01-21,12,BRUNSWCK_1_N101,25.13493,101
2022-01-21T20:00:00-00:00,2022-01-21T21:00:00-00:00,2022-01-21,13,BRUNSWCK_1_N101,23.26787,101
2022-01-21T21:00:00-00:00,2022-01-21T22:00:00-00:00,2022-01-21,14,BRUNSWCK_1_N101,21.03982,101
2022-01-21T22:00:00-00:00,2022-01-21T23:00:00-00:00,2022-01-21,15,BRUNSWCK_1_N101,22.36538,101
2022-01-21T23:00:00-00:00,2022-01-22T00:00:00-00:00,2022-01-21,16,BRUNSWCK_1_N101,37.93166,101
2022-01-22T00:00:00-00:00,2022-01-22T01:00:00-00:00,2022-01-21,17,BRUNSWCK_1_N101,51.94567,101
2022-01-22T01:00:00-00:00,2022-01-22T02:00:00-00:00,2022-01-21,18,BRUNSWCK_1_N101,63.77528,101
2022-01-22T02:00:00-00:00,2022-01-22T03:00:00-00:00,2022-01-21,19,BRUNSWCK_1_N101,58.97987,101
2022-01-22T03:00:00-00:00,2022-01-22T04:00:00-00:00,2022-01-21,20,BRUNSWCK_1_N101,53.83848,101
2022-01-22T04:00:00-00:00,2022-01-22T05:00:00-00:00,2022-01-21,21,BRUNSWCK_1_N101,50.59017,101
2022-01-22T05:00:00-00:00,2022-01-22T06:00:00-00:00,2022-01-21,22,BRUNSWCK_1_N101,49.30704,101
2022-01-22T06:00:00-00:00,2022-01-22T07:00:00-00:00,2022-01-21,23,BRUNSWCK_1_N101,45.62064,101
2022-01-22T07:00:00-00:00,2022-01-22T08:00:00-00:00,2022-01-21,24,BRUNSWCK_1_N101,44.69077,101
2022-01-22T08:00:00-00:00,2022-01-22T09:00:00-00:00,2022-01-22,1,BRUNSWCK_1_N101,46.48375,106
2022-01-22T09:00:00-00:00,2022-01-22T10:00:00-00:00,2022-01-22,2,BRUNSWCK_1_N101,43.51127,106
2022-01-22T10:00:00-00:00,2022-01-22T11:00:00-00:00,2022-01-22,3,BRUNSWCK_1_N101,42.26918,106
2022-01-22T11:00:00-00:00,2022-01-22T12:00:00-00:00,2022-01-22,4,BRUNSWCK_1_N101,42.26396,106
2022-01-22T12:00:00-00:00,2022-01-22T13:00:00-00:00,2022-01-22,5,BRUNSWCK_1_N101,44.95608,106
2022-01-22T13:00:00-00:00,2022-01-22T14:00:00-00:00,2022-01-22,6,BRUNSWCK_1_N101,45.44063,106
2022-01-22T14:00:00-00:00,2022-01-22T15:00:00-00:00,2022-01-22,7,BRUNSWCK_1_N101,52.8551,106
2022-01-22T15:00:00-00:00,2022-01-22T16:00:00-00:00,2022-01-22,8,BRUNSWCK_1_N101,48.15966,106
2022-01-22T16:00:00-00:00,2022-01-22T17:00:00-00:00,2022-01-22,9,BRUNSWCK_1_N101,41.26327,106
2022-01-22T17:00:00-00:00,2022-01-22T18:00:00-00:00,2022-01-22,10,BRUNSWCK_1_N101,28.75805,106
2022-01-22T18:00:00-00:00,2022-01-22T19:00:00-00:00,2022-01-22,11,BRUNSWCK_1_N101,20.10575,106
2022-01-22T19:00:00-00:00,2022-01-22T20:00:00-00:00,2022-01-22,12,BRUNSWCK_1_N101,7.88181,106
2022-01-22T20:00:00-00:00,2022-01-22T21:00:00-00:00,2022-01-22,13,BRUNSWCK_1_N101,5.88381,106
2022-01-22T21:00:00-00:00,2022-01-22T22:00:00-00:00,2022-01-22,14,BRUNSWCK_1_N101,4.83712,106
2022-01-22T22:00:00-00:00,2022-01-22T23:00:00-00:00,2022-01-22,15,BRUNSWCK_1_N101,7.04136,106
2022-01-22T23:00:00-00:00,2022-01-23T00:00:00-00:00,2022-01-22,16,BRUNSWCK_1_N101,29.70236,106
2022-01-23T00:00:00-00:00,2022-01-23T01:00:00-00:00,2022-01-22,17,BRUNSWCK_1_N101,49.36543,106
2022-01-23T01:00:00-00:00,2022-01-23T02:00:00-00:00,2022-01-22,18,BRUNSWCK_1_N101,62.16543,106
2022-01-23T02:00:00-00:00,2022-01-23T03:00:00-00:00,2022-01-22,19,BRUNSWCK_1_N101,63.57283,106
2022-01-23T03:00:00-00:00,2022-01-23T04:00:00-00:00,2022-01-22,20,BRUNSWCK_1_N101,56.59908,106
2022-01-23T04:00:00-00:00,2022-01-23T05:00:00-00:00,2022-01-22,21,BRUNSWCK_1_N101,53.66197,106
2022-01-23T05:00:00-00:00,2022-01-23T06:00:00-00:00,2022-01-22,22,BRUNSWCK_1_N101,51.37831,106
2022-01-23T06:00:00-00:00,2022-01-23T07:00:00-00:00,2022-01-22,23,BRUNSWCK_1_N101,48.06757,106
2022-01-23T07:00:00-00:00,2022-01-23T08:00:00-00:00,2022-01-22,24,BRUNSWCK_1_N101,45.39624,106
2022-01-23T08:00:00-00:00,2022-01-23T09:00:00-00:00,2022-01-23,1,BRUNSWCK_1_N101,47.06754,111
2022-01-23T09:00:00-00:00,2022-01-23T10:00:00-00:00,2022-01-23,2,BRUNSWCK_1_N101,45.4545,111
2022-01-23T10:00:00-00:00,2022-01-23T11:00:00-00:00,2022-01-23,3,BRUNSWCK_1_N101,45.65781,111
2022-01-23T11:00:00-00:00,2022-01-23T12:00:00-00:00,2022-01-23,4,BRUNSWCK_1_N101,44.2417,111
2022-01-23T12:00:00-00:00,2022-01-23T13:00:00-00:00,2022-01-23,5,BRUNSWCK_1_N101,44.8692,111
2022-01-23T13:00:00-00:00,2022-01-23T14:00:00-00:00,2022-01-23,6,BRUNSWCK_1_N101,47.47234,111
2022-01-23T14:00:00-00:00,2022-01-23T15:00:00-00:00,2022-01-23,7,BRUNSWCK_1_N101,52.5812,111
2022-01-23T15:00:00-00:00,2022-01-23T16:00:00-00:00,2022-01-23,8,BRUNSWCK_1_N101,47.09408,111
2022-01-23T16:00:00-00:00,2022-01-23T17:00:00-00:00,2022-01-23,9,BRUNSWCK_1_N101,36.39516,111
2022-01-23T17:00:00-00:00,2022-01-23T18:00:00-00:00,2022-01-23,10,BRUNSWCK_1_N101,26.98909,111
2022-01-23T18:00:00-00:00,2022-01-23T19:00:00-00:00,2022-01-23,11,BRUNSWCK_1_N101,19.07758,111
2022-01-23T19:00:00-00:00,2022-01-23T20:00:00-00:00,2022-01-23,12,BRUNSWCK_1_N101,9.52242,111
2022-01-23T20:00:00-00:00,2022-01-23T21:00:00-00:00,2022-01-23,13,BRUNSWCK_1_N101,5.29129,111
2022-01-23T21:00:00-00:00,2022-01-23T22:00:00-00:00,2022-01-23,14,BRUNSWCK_1_N101,5.18855,111
2022-01-23T22:00:00-00:00,2022-01-23T23:00:00-00:00,2022-01-23,15,BRUNSWCK_1_N101,8.9323,111
2022-01-23T23:00:00-00:00,2022-01-24T00:00:00-00:00,2022-01-23,16,BRUNSWCK_1_N101,32.06504,111
2022-01-24T00:00:00-00:00,2022-01-24T01:00:00-00:00,2022-01-23,17,BRUNSWCK_1_N101,52.72022,111
2022-01-24T01:00:00-00:00,2022-01-24T02:00:00-00:00,2022-01-23,18,BRUNSWCK_1_N101,65.74049,111
2022-01-24T02:00:00-00:00,2022-01-24T03:00:00-00:00,2022-01-23,19,BRUNSWCK_1_N101,67.58436,111
2022-01-24T03:00:00-00:00,2022-01-24T04:00:00-00:00,2022-01-23,20,BRUNSWCK_1_N101,58.26444,111
2022-01-24T04:00:00-00:00,2022-01-24T05:00:00-00:00,2022-01-23,21,BRUNSWCK_1_N101,54.01659,111
2022-01-24T05:00:00-00:00,2022-01-24T06:00:00-00:00,2022-01-23,22,BRUNSWCK_1_N101,50.18452,111
2022-01-24T06:00:00-00:00,2022-01-24T07:00:00-00:00,2022-01-23,23,BRUNSWCK_1_N101,45.46755,111
2022-01-24T07:00:00-00:00,2022-01-24T08:00:00-00:00,2022-01-23,24,BRUNSWCK_1_N101,43.29373,111
2022-01-24T08:00:00-00:00,2022-01-24T09:00:00-00:00,2022-01-24,1,BRUNSWCK_1_N101,45.2321,116
2022-01-24T09:00:00-00:00,2022-01-24T10:00:00-00:00,2022-01-24,2,BRUNSWCK_1_N101,44.09932,116
2022-01-24T10:00:00-00:00,2022-01-24T11:00:00-00:00,2022-01-24,3,BRUNSWCK_1_N101,43.5544,116
2022-01-24T11:00:00-00:00,2022-01-24T12:00:00-00:00,2022-01-24,4,BRUNSWCK_1_N101,42.34674,116
2022-01-24T12:00:00-00:00,2022-01-24T13:00:00-00:00,2022-01-24,5,BRUNSWCK_1_N101,44.08856,116
2022-01-24T13:00:00-00:00,2022-01-24T14:00:00-00:00,2022-01-24,6,BRUNSWCK_1_N101,48.31648,116
2022-01-24T14:00:00-00:00,2022-01-24T15:00:00-00:00,2022-01-24,7,BRUNSWCK_1_N101,66.44944,116
2022-01-24T15:00:00-00:00,2022-01-24T16:00:00-00:00,2022-01-24,8,BRUNSWCK_1_N101,63.18718,116
2022-01-24T16:00:00-00:00,2022-01-24T17:00:00-00:00,2022-01-24,9,BRUNSWCK_1_N101,46.61943,116
2022-01-24T17:00:00-00:00,2022-01-24T18:00:00-00:00,2022-01-24,10,BRUNSWCK_1_N101,40.04904,116
2022-01-24T18:00:00-00:00,2022-01-24T19:00:00-00:00,2022-01-24,11,BRUNSWCK_1_N101,34.80099,116
2022-01-24T19:00:00-00:00,2022-01-24T20:00:00-00:00,2022-01-24,12,BRUNSWCK_1_N101,27.73299,116
2022-01-24T20:00:00-00:00,2022-01-24T21:00:00-00:00,2022-01-24,13,BRUNSWCK_1_N101,23.92877,116
2022-01-24T21:00:00-00:00,2022-01-24T22:00:00-00:00,2022-01-24,14,BRUNSWCK_1_N101,22.55959,116
2022-01-24T22:00:00-00:00,2022-01-24T23:00:00-00:00,2022-01-24,15,BRUNSWCK_1_N101,25.43349,116
2022-01-24T23:00:00-00:00,2022-01-25T00:00:00-00:00,2022-01-24,16,BRUNSWCK_1_N101,39.79377,116
2022-01-25T00:00:00-00:00,2022-01-25T01:00:00-00:00,2022-01-24,17,BRUNSWCK_1_N101,56.65938,116
2022-01-25T01:00:00-00:00,2022-01-25T02:00:00-00:00,2022-01-24,18,BRUNSWCK_1_N101,76.5915,116
2022-01-25T02:00:00-00:00,2022-01-25T03:00:00-00:00,2022-01-24,19,BRUNSWCK_1_N101,70.00742,116
2022-01-25T03:00:00-00:00,2022-01-25T04:00:00-00:00,2022-01-24,20,BRUNSWCK_1_N101,62.30373,116
2022-01-25T04:00:00-00:00,2022-01-25T05:00:00-00:00,2022-01-24,21,BRUNSWCK_1_N101,56.39698,116
2022-01-25T05:00:00-00:00,2022-01-25T06:00:00-00:00,2022-01-24,22,BRUNSWCK_1_N101,51.63381,116
2022-01-25T06:00:00-00:00,2022-01-25T07:00:00-00:00,2022-01-24,23,BRUNSWCK_1_N101,50.23391,116
2022-01-25T07:00:00-00:00,2022-01-25T08:00:00-00:00,2022-01-24,24,BRUNSWCK_1_N101,46.65158,116
2022-01-25T08:00:00-00:00,2022-01-25T09:00:00-00:00,2022-01-25,1,BRUNSWCK_1_N101,42.42277,121
2022-01-25T09:00:00-00:00,2022-01-25T10:00:00-00:00,2022-01-25,2,BRUNSWCK_1_N101,41.64113,121
2022-01-25T10:00:00-00:00,2022-01-25T11:00:00-00:00,2022-01-25,3,BRUNSWCK_1_N101,40.18684,121
2022-01-25T11:00:00-00:00,2022-01-25T12:00:00-00:00,2022-01-25,4,BRUNSWCK_1_N101,40.22712,121
2022-01-25T12:00:00-00:00,2022-01-25T13:00:00-00:00,2022-01-25,5,BRUNSWCK_1_N101,40.37499,121
2022-01-25T13:00:00-00:00,2022-01-25T14:00:00-00:00,2022-01-25,6,BRUNSWCK_1_N101,46.12904,121
2022-01-25T14:00:00-00:00,2022-01-25T15:00:00-00:00,2022-01-25,7,BRUNSWCK_1_N101,63.58456,121
2022-01-25T15:00:00-00:00,2022-01-25T16:00:00-00:00,2022-01-25,8,BRUNSWCK_1_N101,79.31205,121
2022-01-25T16:00:00-00:00,2022-01-25T17:00:00-00:00,2022-01-25,9,BRUNSWCK_1_N101,19.00546,121
2022-01-25T17:00:00-00:00,2022-01-25T18:00:00-00:00,2022-01-25,10,BRUNSWCK_1_N101,41.7215,121
2022-01-25T18:00:00-00:00,2022-01-25T19:00:00-00:00,2022-01-25,11,BRUNSWCK_1_N101,35.08883,121
2022-01-25T19:00:00-00:00,2022-01-25T20:00:00-00:00,2022-01-25,12,BRUNSWCK_1_N101,26.35488,121
2022-01-25T20:00:00-00:00,2022-01-25T21:00:00-00:00,2022-01-25,13,BRUNSWCK_1_N101,22.53704,121
2022-01-25T21:00:00-00:00,2022-01-25T22:00:00-00:00,2022-01-25,14,BRUNSWCK_1_N101,21.8678,121
2022-01-25T22:00:00-00:00,2022-01-25T23:00:00-00:00,2022-01-25,15,BRUNSWCK_1_N101,24.03359,121
2022-01-25T23:00:00-00:00,2022-01-26T00:00:00-00:00,2022-01-25,16,BRUNSWCK_1_N101,36.06575,121
2022-01-26T00:00:00-00:00,2022-01-26T01:00:00-00:00,2022-01-25,17,BRUNSWCK_1_N101,52.11111,121
2022-01-26T01:00:00-00:00,2022-01-26T02:00:00-00:00,2022-01-25,18,BRUNSWCK_1_N101,69.47127,121
2022-01-26T02:00:00-00:00,2022-01-26T03:00:00-00:00,2022-01-25,19,BRUNSWCK_1_N101,65.40783,121
2022-01-26T03:00:00-00:00,2022-01-26T04:00:00-00:00,2022-01-25,20,BRUNSWCK_1_N101,59.59529,121
2022-01-26T04:00:00-00:00,2022-01-26T05:00:00-00:00,2022-01-25,21,BRUNSWCK_1_N101,47.23178,121
2022-01-26T05:00:00-00:00,2022-01-26T06:00:00-00:00,2022-01-25,22,BRUNSWCK_1_N101,49.46379,121
2022-01-26T06:00:00-00:00,2022-01-26T07:00:00-00:00,2022-01-25,23,BRUNSWCK_1_N101,47.5258,121
2022-01-26T07:00:00-00:00,2022-01-26T08:00:00-00:00,2022-01-25,24,BRUNSWCK_1_N101,43.86997,121
2022-01-26T08:00:00-00:00,2022-01-26T09:00:00-00:00,2022-01-26,1,BRUNSWCK_1_N101,44.7865,126
2022-01-26T09:00:00-00:00,2022-01-26T10:00:00-00:00,2022-01-26,2,BRUNSWCK_1_N101,43.62381,126
2022-01-26T10:00:00-00:00,2022-01-26T11:00:00-00:00,2022-01-26,3,BRUNSWCK_1_N101,43.17422,126
2022-01-26T11:00:00-00:00,2022-01-26T12:00:00-00:00,2022-01-26,4,BRUNSWCK_1_N101,43.02505,126
2022-01-26T12:00:00-00:00,2022-01-26T13:00:00-00:00,2022-01-26,5,BRUNSWCK_1_N101,44.25971,126
2022-01-26T13:00:00-00:00,2022-01-26T14:00:00-00:00,2022-01-26,6,BRUNSWCK_1_N101,52.0,126
2022-01-26T14:00:00-00:00,2022-01-26T15:00:00-00:00,2022-01-26,7,BRUNSWCK_1_N101,67.87455,126
2022-01-26T15:00:00-00:00,2022-01-26T16:00:00-00:00,2022-01-26,8,BRUNSWCK_1_N101,103.95775,126
2022-01-26T16:00:00-00:00,2022-01-26T17:00:00-00:00,2022-01-26,9,BRUNSWCK_1_N101,18.39086,126
2022-01-26T17:00:00-00:00,2022-01-26T18:00:00-00:00,2022-01-26,10,BRUNSWCK_1_N101,17.01026,126
2022-01-26T18:00:00-00:00,2022-01-26T19:00:00-00:00,2022-01-26,11,BRUNSWCK_1_N101,36.00254,126
2022-01-26T19:00:00-00:00,2022-01-26T20:00:00-00:00,2022-01-26,12,BRUNSWCK_1_N101,29.99584,126
2022-01-26T20:00:00-00:00,2022-01-26T21:00:00-00:00,2022-01-26,13,BRUNSWCK_1_N101,26.26828,126
2022-01-26T21:00:00-00:00,2022-01-26T22:00:00-00:00,2022-01-26,14,BRUNSWCK_1_N101,25.3131,126
2022-01-26T22:00:00-00:00,2022-01-26T23:00:00-00:00,2022-01-26,15,BRUNSWCK_1_N101,27.58708,126
2022-01-26T23:00:00-00:00,2022-01-27T00:00:00-00:00,2022-01-26,16,BRUNSWCK_1_N101,39.56238,126
2022-01-27T00:00:00-00:00,2022-01-27T01:00:00-00:00,2022-01-26,17,BRUNSWCK_1_N101,52.45721,126
2022-01-27T01:00:00-00:00,2022-01-27T02:00:00-00:00,2022-01-26,18,BRUNSWCK_1_N101,28.4475,126
2022-01-27T02:00:00-00:00,2022-01-27T03:00:00-00:00,2022-01-26,19,BRUNSWCK_1_N101,27.88552,126
2022-01-27T03:00:00-00:00,2022-01-27T04:00:00-00:00,2022-01-26,20,BRUNSWCK_1_N101,25.86957,126
2022-01-27T04:00:00-00:00,2022-01-27T05:00:00-00:00,2022-01-26,21,BRUNSWCK_1_N101,23.45742,126
2022-01-27T05:00:00-00:00,2022-01-27T06:00:00-00:00,2022-01-26,22,BRUNSWCK_1_N101,50.56443,126
2022-01-27T06:00:00-00:00,2022-01-27T07:00:00-00:00,2022-01-26,23,BRUNSWCK_1_N101,47.93994,126
2022-01-27T07:00:00-00:00,2022-01-27T08:00:00-00:00,2022-01-26,24,BRUNSWCK_1_N101,44.91419,126
2022-01-27T08:00:00-00:00,2022-01-27T09:00:00-00:00,2022-01-27,1,BRUNSWCK_1_N101,47.93886,131
2022-01-27T09:00:00-00:00,2022-01-27T10:00:00-00:00,2022-01-27,2,BRUNSWCK_1_N101,45.83065,131
2022-01-27T10:00:00-00:00,2022-01-27T11:00:00-00:00,2022-01-27,3,BRUNSWCK_1_N101,45.35633,131
2022-01-27T11:00:00-00:00,2022-01-27T12:00:00-00:00,2022-01-27,4,BRUNSWCK_1_N101,44.23621,131
2022-01-27T12:00:00-00:00,2022-01-27T13:00:00-00:00,2022-01-27,5,BRUNSWCK_1_N101,46.66492,131
2022-01-27T13:00:00-00:00,2022-01-27T14:00:00-00:00,2022-01-27,6,BRUNSWCK_1_N101,52.3093,131
2022-01-27T14:00:00-00:00,2022-01-27T15:00:00-00:00,2022-01-27,7,BRUNSWCK_1_N101,71.58868,131
2022-01-27T15:00:00-00:00,2022-01-27T16:00:00-00:00,2022-01-27,8,BRUNSWCK_1_N101,67.50348,131
2022-01-27T16:00:00-00:00,2022-01-27T17:00:00-00:00,2022-01-27,9,BRUNSWCK_1_N101,46.48093,131
2022-01-27T17:00:00-00:00,2022-01-27T18:00:00-00:00,2022-01-27,10,BRUNSWCK_1_N101,41.30425,131
2022-01-27T18:00:00-00:00,2022-01-27T19:00:00-00:00,2022-01-27,11,BRUNSWCK_1_N101,33.63378,131
2022-01-27T19:00:00-00:00,2022-01-27T20:00:00-00:00,2022-01-27,12,BRUNSWCK_1_N101,27.57807,131
2022-01-27T20:00:00-00:00,2022-01-27T21:00:00-00:00,2022-01-27,13,BRUNSWCK_1_N101,24.32849,131
2022-01-27T21:00:00-00:00,2022-01-27T22:00:00-00:00,2022-01-27,14,BRUNSWCK_1_N101,22.21669,131
2022-01-27T22:00:00-00:00,2022-01-27T23:00:00-00:00,2022-01-27,15,BRUNSWCK_1_N101,25.07701,131
2022-01-27T23:00:00-00:00,2022-01-28T00:00:00-00:00,2022-01-27,16,BRUNSWCK_1_N101,36.83921,131
2022-01-28T00:00:00-00:00,2022-01-28T01:00:00-00:00,2022-01-27,17,BRUNSWCK_1_N101,54.19779,131
2022-01-28T01:00:00-00:00,2022-01-28T02:00:00-00:00,2022-01-27,18,BRUNSWCK_1_N101,68.51711,131
2022-01-28T02:00:00-00:00,2022-01-28T03:00:00-00:00,2022-01-27,19,BRUNSWCK_1_N101,57.04223,131
2022-01-28T03:00:00-00:00,2022-01-28T04:00:00-00:00,2022-01-27,20,BRUNSWCK_1_N101,61.05382,131
2022-01-28T04:00:00-00:00,2022-01-28T05:00:00-00:00,2022-01-27,21,BRUNSWCK_1_N101,60.10759,131
2022-01-28T05:00:00-00:00,2022-01-28T06:00:00-00:00,2022-01-27,22,BRUNSWCK_1_N101,53.27628,131
2022-01-28T06:00:00-00:00,2022-01-28T07:00:00-00:00,2022-01-27,23,BRUNSWCK_1_N101,50.00112,131
2022-01-28T07:00:00-00:00,2022-01-28T08:00:00-00:00,2022-01-27,24,BRUNSWCK_1_N101,45.49118,131
2022-01-28T08:00:00-00:00,2022-01-28T09:00:00-00:00,2022-01-28,1,BRUNSWCK_1_N101,60.47546,136
2022-01-28T09:00:00-00:00,2022-01-28T10:00:00-00:00,2022-01-28,2,BRUNSWCK_1_N101,44.66068,136
2022-01-28T10:00:00-00:00,2022-01-28T11:00:00-00:00,2022-01-28,3,BRUNSWCK_1_N101,44.52977,136
2022-01-28T11:00:00-00:00,2022-01-28T12:00:00-00:00,2022-01-28,4,BRUNSWCK_1_N101,44.76939,136
2022-01-28T12:00:00-00:00,2022-01-28T13:00:00-00:00,2022-01-28,5,BRUNSWCK_1_N101,44.9444,136
2022-01-28T13:00:00-00:00,2022-01-28T14:00:00-00:00,2022-01-28,6,BRUNSWCK_1_N101,53.89754,136
2022-01-28T14:00:00-00:00,2022-01-28T15:00:00-00:00,2022-01-28,7,BRUNSWCK_1_N101,70.54901,136
2022-01-28T15:00:00-00:00,2022-01-28T16:00:00-00:00,2022-01-28,8,BRUNSWCK_1_N101,94.97811,136
2022-01-28T16:00:00-00:00,2022-01-28T17:00:00-00:00,2022-01-28,9,BRUNSWCK_1_N101,46.87658,136
2022-01-28T17:00:00-00:00,2022-01-28T18:00:00-00:00,2022-01-28,10,BRUNSWCK_1_N101,42.4251,136
2022-01-28T18:00:00-00:00,2022-01-28T19:00:00-00:00,2022-01-28,11,BRUNSWCK_1_N101,37.7166,136
2022-01-28T19:00:00-00:00,2022-01-28T20:00:00-00:00,2022-01-28,12,BRUNSWCK_1_N101,31.81177,136
2022-01-28T20:00:00-00:00,2022-01-28T21:00:00-00:00,2022-01-28,13,BRUNSWCK_1_N101,29.69471,136
2022-01-28T21:00:00-00:00,2022-01-28T22:00:00-00:00,2022-01-28,14,BRUNSWCK_1_N101,27.52253,136
2022-01-28T22:00:00-00:00,2022-01-28T23:00:00-00:00,2022-01-28,15,BRUNSWCK_1_N101,29.41736,136
2022-01-28T23:00:00-00:00,2022-01-29T00:00:00-00:00,2022-01-28,16,BRUNSWCK_1_N101,41.4526,136
2022-01-29T00:00:00-00:00,2022-01-29T01:00:00-00:00,2022-01-28,17,BRUNSWCK_1_N101,52.55094,136
2022-01-29T01:00:00-00:00,2022-01-29T02:00:00-00:00,2022-01-28,18,BRUNSWCK_1_N101,61.32825,136
2022-01-29T02:00:00-00:00,2022-01-29T03:00:00-00:00,2022-01-28,19,BRUNSWCK_1_N101,64.03958,136
2022-01-29T03:00:00-00:00,2022-01-29T04:00:00-00:00,2022-01-28,20,BRUNSWCK_1_N101,58.6654,136
2022-01-29T04:00:00-00:00,2022-01-29T05:00:00-00:00,2022-01-28,21,BRUNSWCK_1_N101,56.67096,136
2022-01-29T05:00:00-00:00,2022-01-29T06:00:00-00:00,2022-01-28,22,BRUNSWCK_1_N101,52.86002,136
2022-01-29T06:00:00-00:00,2022-01-29T07:00:00-00:00,2022-01-28,23,BRUNSWCK_1_N101,48.45037,136
2022-01-29T07:00:00-00:00,2022-01-29T08:00:00-00:00,2022-01-28,24,BRUNSWCK_1_N101,46.5893,136
2022-01-29T08:00:00-00:00,2022-01-29T09:00:00-00:00,2022-01-29,1,BRUNSWCK_1_N101,52.95241,141
2022-01-29T09:00:00-00:00,2022-01-29T10:00:00-00:00,2022-01-29,2,BRUNSWCK_1_N101,49.03504,141
2022-01-29T10:00:00-00:00,2022-01-29T11:00:00-00:00,2022-01-29,3,BRUNSWCK_1_N101,47.90781,141
2022-01-29T11:00:00-00:00,2022-01-29T12:00:00-00:00,2022-01-29,4,BRUNSWCK_1_N101,47.84703,141
2022-01-29T12:00:00-00:00,2022-01-29T13:00:00-00:00,2022-01-29,5,BRUNSWCK_1_N101,49.34431,141
2022-01-29T13:00:00-00:00,2022-01-29T14:00:00-00:00,2022-01-29,6,BRUNSWCK_1_N101,53.96388,141
2022-01-29T14:00:00-00:00,2022-01-29T15:00:00-00:00,2022-01-29,7,BRUNSWCK_1_N101,63.59781,141
2022-01-29T15:00:00-00:00,2022-01-29T16:00:00-00:00,2022-01-29,8,BRUNSWCK_1_N101,59.14621,141
2022-01-29T16:00:00-00:00,2022-01-29T17:00:00-00:00,2022-01-29,9,BRUNSWCK_1_N101,51.30271,141
2022-01-29T17:00:00-00:00,2022-01-29T18:00:00-00:00,2022-01-29,10,BRUNSWCK_1_N101,48.09404,141
2022-01-29T18:00:00-00:00,2022-01-29T19:00:00-00:00,2022-01-29,11,BRUNSWCK_1_N101,45.30672,141
2022-01-29T19:00:00-00:00,2022-01-29T20:00:00-00:00,2022-01-29,12,BRUNSWCK_1_N101,40.71725,141
2022-01-29T20:00:00-00:00,2022-01-29T21:00:00-00:00,2022-01-29,13,BRUNSWCK_1_N101,37.01983,141
2022-01-29T21:00:00-00:00,2022-01-29T22:00:00-00:00,2022-01-29,14,BRUNSWCK_1_N101,37.00263,141
2022-01-29T22:00:00-00:00,2022-01-29T23:00:00-00:00,2022-01-29,15,BRUNSWCK_1_N101,39.10189,141
2022-01-29T23:00:00-00:00,2022-01-30T00:00:00-00:00,2022-01-29,16,BRUNSWCK_1_N101,45.53119,141
2022-01-30T00:00:00-00:00,2022-01-30T01:00:00-00:00,2022-01-29,17,BRUNSWCK_1_N101,57.25494,141
2022-01-30T01:00:00-00:00,2022-01-30T02:00:00-00:00,2022-01-29,18,BRUNSWCK_1_N101,67.17627,141
2022-01-30T02:00:00-00:00,2022-01-30T03:00:00-00:00,2022-01-29,19,BRUNSWCK_1_N101,71.42305,141
2022-01-30T03:00:00-00:00,2022-01-30T04:00:00-00:00,2022-01-29,20,BRUNSWCK_1_N101,66.19825,141
2022-01-30T04:00:00-00:00,2022-01-30T05:00:00-00:00,2022-01-29,21,BRUNSWCK_1_N101,58.43868,141
2022-01-30T05:00:00-00:00,2022-01-30T06:00:00-00:00,2022-01-29,22,BRUNSWCK_1_N101,55.431,141
2022-01-30T06:00:00-00:00,2022-01-30T07:00:00-00:00,2022-01-29,23,BRUNSWCK_1_N101,52.53445,141
2022-01-30T07:00:00-00:00,2022-01-30T08:00:00-00:00,2022-01-29,24,BRUNSWCK_1_N101,49.06668,141
